#UPDATE_DATE_F1,4/6/2026,,,,,,,,,,,,,
#UPDATE_DATE_F2,24/6/2026,,,,,,,,,,,,,
#UPDATE_DATE_F3,1/7/2026,,,,,,,,,,,,,
หมวด,ITEM CODE,Ø (cm),ความยาว (m),Order,Site (หน่วยงาน),Stock (ท่อน),BOM (m³/ท่อน),Stock (m³),โรงงาน,Ø_mm,Area,ปีผลิต,ปีเสา,เหล็กเสริมพิเศษ,หมายเหตุ
,D20A0600E73039801,20.0,6.0,,,1,0.24,0.24,F1,D20,,,,,
,D20A0900E73028101,20.0,9.0,,,1,0.36,0.36,F1,D20,,,,,
,D25A1500E73038101,25.0,15.0,,,1,0.9375,0.9375,F1,D25,,,,,
,D30A1600E73012701,30.0,16.0,,,1,1.44,1.44,F1,D30,,,,,
,D30A1650E73006102,30.0,16.5,,,3,1.485,4.455,F1,D30,,,,,
,D35A1200E73032301,35.0,12.0,,,4,1.47,5.88,F1,D35,,,,,
,G30A0491P00,30.0,4.91,,,6,0.4419,2.6514,F1,G30,,,,,
,G30A0491P00,30.0,4.91,,,11,0.4419,4.8609,F1,G30,,,,,
,I22B0700T02,22.0,7.0,,,1,0.2702,0.2702,F1,I22,,,,,
,I22B0900T02,22.0,9.0,,,3,0.3474,1.0422,F1,I22,,,,,
,I22B0900T02,22.0,9.0,,,7,0.3474,2.4318,F1,I22,,,,,
,I22B0950T02,22.0,9.5,,,88,0.3667,32.2696,F1,I22,,,,,
,I22B1000T02,22.0,10.0,,,4,0.386,1.544,F1,I22,,,,,
,I22B1050T02,22.0,10.5,,,5,0.4053,2.0265,F1,I22,,,,,
,I22B1100T02,22.0,11.0,,,2,0.4246,0.8492,F1,I22,,,,,
,I22B1100T02,22.0,11.0,,,1,0.4246,0.4246,F1,I22,,,,,
,I22B1200T02,22.0,12.0,,,46,0.4632,21.3072,F1,I22,,,,,
,I22D0500S02,22.0,5.0,,,1,0.193,0.193,F1,I22,,,,,
,I22D0800S00,22.0,8.0,,,4,0.3088,1.2352,F1,I22,,,,,
,I22D0900S02,22.0,9.0,,,7,0.3474,2.4318,F1,I22,,,,,
,I22D0900S02,22.0,9.0,,,1,0.3474,0.3474,F1,I22,,,,,
,I22D1000S02,22.0,10.0,,,37,0.386,14.282,F1,I22,,,,,
,I22D1000S02,22.0,10.0,,,16,0.386,6.176,F1,I22,,,,,
,I22D1000S02,22.0,10.0,,,26,0.386,10.036,F1,I22,,,,,
,I22D1000S02,22.0,10.0,,,46,0.386,17.756,F1,I22,,,,,
,I22D1000S02,22.0,10.0,,,17,0.386,6.562,F1,I22,,,,,
,I22D1050S02,22.0,10.5,,,226,0.4053,91.5978,F1,I22,,,,,
,I22D1050S02,22.0,10.5,,,4,0.4053,1.6212,F1,I22,,,,,
,I22D1050S52004001,22.0,10.5,,,8,0.4053,3.2424,F1,I22,,,,,
,I22D1050S52004002,22.0,10.5,,,1,0.4053,0.4053,F1,I22,,,,,
,I22D1100S02,22.0,11.0,,,1,0.4246,0.4246,F1,I22,,,,,
,I22D1100S02,22.0,11.0,,,22,0.4246,9.3412,F1,I22,,,,,
,I22D1200S02,22.0,12.0,,,2,0.4632,0.9264,F1,I22,,,,,
,I22D1200S52004001,22.0,12.0,,,1,0.4632,0.4632,F1,I22,,,,,
,I22D1300S02,22.0,13.0,,,1,0.5018,0.5018,F1,I22,,,,,
,I26A1100P00,26.0,11.0,,,4,0.5379,2.1516,F1,I26,,,,,
,I26A1350E01021801,26.0,13.5,,,1,0.6602,0.6602,F1,I26,,,,,
,I26A1350P51004601,26.0,13.5,,,1,0.6602,0.6602,F1,I26,,,,,
,I26B0700T02,26.0,7.0,,,3,0.3423,1.0269,F1,I26,,,,,
,I26B0700T50014401,26.0,7.0,,,1,0.3423,0.3423,F1,I26,,,,,
,I26B0900T02,26.0,9.0,,,1,0.4401,0.4401,F1,I26,,,,,
,I26B1050T02,26.0,10.5,,,1,0.5135,0.5135,F1,I26,,,,,
,I26B1300T02,26.0,13.0,,,5,0.6357,3.1785,F1,I26,,,,,
,I26B1500E00032201,26.0,15.0,,,1,0.7335,0.7335,F1,I26,,,,,
,I26C0950S02,26.0,9.5,,,1,0.4646,0.4646,F1,I26,,,,,
,I26C1000S02,26.0,10.0,,,10,0.489,4.89,F1,I26,,,,,
,I26C1000S02,26.0,10.0,,,6,0.489,2.934,F1,I26,,,,,
,I26C1150S02,26.0,11.5,,,2,0.5624,1.1247,F1,I26,,,,,
,I26D0800S02,26.0,8.0,,,154,0.3912,60.2448,F1,I26,,,,,
,I26D1000S02,26.0,10.0,,,18,0.489,8.802,F1,I26,,,,,
,I26D1000S52011501,26.0,10.0,,,2,0.489,0.978,F1,I26,,,,,
,I26D1000T02,26.0,10.0,,,4,0.489,1.956,F1,I26,,,,,
,I26D1050S02,26.0,10.5,,,120,0.5135,61.614,F1,I26,,,,,
,I26D1100S02,26.0,11.0,,,10,0.5379,5.379,F1,I26,,,,,
,I26D1300S02,26.0,13.0,,,24,0.6357,15.2568,F1,I26,,,,,
,I30A1000P01,30.0,10.0,,,2,0.66,1.32,F1,I30,,,,,
,I30A1050P51014401,30.0,10.5,,,4,0.693,2.772,F1,I30,,,,,
,I30A1550P00,30.0,15.5,,,1,1.023,1.023,F1,I30,,,,,
,I30B0800T02,30.0,8.0,,,38,0.528,20.064,F1,I30,,,,,
,I30B1000T00,30.0,10.0,,,2,0.66,1.32,F1,I30,,,,,
,I30B1250T02,30.0,12.5,,,1,0.825,0.825,F1,I30,,,,,
,I30B1300E50007001,30.0,13.0,,,3,0.858,2.574,F1,I30,,,,,
,I30B1700T00,30.0,17.0,,,18,1.122,20.196,F1,I30,,,,,
,I30B2200T50027901,30.0,22.0,,,2,1.452,2.904,F1,I30,,,,,
,I30D1050S02,30.0,10.5,,,1,0.693,0.693,F1,I30,,,,,
,I30D1050T02,30.0,10.5,,,2,0.693,1.386,F1,I30,,,,,
,I30D1150S02,30.0,11.5,,,1,0.759,0.759,F1,I30,,,,,
,I30D1300T02,30.0,13.0,,,1,0.858,0.858,F1,I30,,,,,
,I35A0700P01,35.0,7.0,,,1,0.616,0.616,F1,I35,,,,,
,I35A0800T02,35.0,8.0,,,1,0.704,0.704,F1,I35,,,,,
,I35A0900P01,35.0,9.0,,,1,0.792,0.792,F1,I35,,,,,
,I35A1050P01,35.0,10.5,,,1,0.924,0.924,F1,I35,,,,,
,I35A1050P01,35.0,10.5,,,1,0.924,0.924,F1,I35,,,,,
,I35A1050P01,35.0,10.5,,,1,0.924,0.924,F1,I35,,,,,
,I35A1050T02,35.0,10.5,,,6,0.924,5.544,F1,I35,,,,,
,I35A1100P50011001,35.0,11.0,,,1,0.968,0.968,F1,I35,,,,,
,I35A1200P11,35.0,12.0,,,1,1.056,1.056,F1,I35,,,,,
,I35A1600T50007102,35.0,16.0,,,1,1.408,1.408,F1,I35,,,,,
,I35A1700T02,35.0,17.0,,,1,1.496,1.496,F1,I35,,,,,
,I35A1800E50023301,35.0,18.0,,,1,1.584,1.584,F1,I35,,,,,
,I35A2400P00,35.0,24.0,,,1,2.112,2.112,F1,I35,,,,,
,I35B1000T02,35.0,10.0,,,2,0.88,1.76,F1,I35,,,,,
,I35B1000T52012901,35.0,10.0,,,10,0.88,8.8,F1,I35,,,,,
,I35B1050P00,35.0,10.5,,,1,0.924,0.924,F1,I35,,,,,
,I35B1100E53030601,35.0,11.0,,,1,0.968,0.968,F1,I35,,,,,
,I35B1200T02,35.0,12.0,,,6,1.056,6.336,F1,I35,,,,,
,I35B1300T02,35.0,13.0,,,8,1.144,9.152,F1,I35,,,,,
,I35B1300T02,35.0,13.0,,,6,1.144,6.864,F1,I35,,,,,
,I35B1350T02,35.0,13.5,,,10,1.188,11.88,F1,I35,,,,,
,I35B1700T02,35.0,17.0,,,1,1.496,1.496,F1,I35,,,,,
,I35B1700T02,35.0,17.0,,,9,1.496,13.464,F1,I35,,,,,
,I35B2200T50027901,35.0,22.0,,,1,1.936,1.936,F1,I35,,,,,
,I35B2500T00,35.0,25.0,,,1,2.2,2.2,F1,I35,,,,,
,I35C1600E53040702,35.0,16.0,,,1,1.408,1.408,F1,I35,,,,,
,I35D0800E50036601,35.0,8.0,,,2,0.704,1.408,F1,I35,,,,,
,I35D0900S02,35.0,9.0,,,3,0.792,2.376,F1,I35,,,,,
,I35D1000S02,35.0,10.0,,,9,0.88,7.92,F1,I35,,,,,
,I35D1200S02,35.0,12.0,,,48,1.056,50.688,F1,I35,,,,,
,I35D1300S02,35.0,13.0,,,5,1.144,5.72,F1,I35,,,,,
,I35D1600S00,35.0,16.0,,,1,1.408,1.408,F1,I35,,,,,
,I40A0800T02,40.0,8.0,,,2,0.992,1.984,F1,I40,,,,,
,I40A0950E01036701,40.0,9.5,,,2,1.178,2.356,F1,I40,,,,,
,I40A1000T02,40.0,10.0,,,1,1.24,1.24,F1,I40,,,,,
,I40A1100T02,40.0,11.0,,,2,1.364,2.728,F1,I40,,,,,
,I40A1600E50013701,40.0,16.0,,,1,1.984,1.984,F1,I40,,,,,
,I40A1600T00,40.0,16.0,,,1,1.984,1.984,F1,I40,,,,,
,I40A1800P01,40.0,18.0,,,2,2.232,4.464,F1,I40,,,,,
,I40A2100T00,40.0,21.0,,,11,2.604,28.644,F1,I40,,,,,
,I40A2300T00,40.0,23.0,,,1,2.852,2.852,F1,I40,,,,,
,I40D1200S02,40.0,12.0,,,10,1.488,14.88,F1,I40,,,,,
,I40D1800E02039101,40.0,18.0,,,15,2.232,33.48,F1,I40,,,,,
,I45A1300P01,45.0,13.0,,,1,2.119,2.119,F1,I45,,,,,
,I45A1300P51013001,45.0,13.0,,,1,2.119,2.119,F1,I45,,,,,
,I45A2100E54004502,45.0,21.0,,,4,3.423,13.692,F1,I45,,,,,
,I45B1800T02,45.0,18.0,,,3,2.934,8.802,F1,I45,,,,,
,I45B2800T00,45.0,28.0,,,2,4.564,9.128,F1,I45,,,,,
,I45D0800S02,45.0,8.0,,,4,1.304,5.216,F1,I45,,,,,
,I45D1250S02,45.0,12.5,,,1,2.0375,2.0375,F1,I45,,,,,
,P16A0295E70022601,16.0,2.95,,,3,0.0755,0.2266,F1,P16,,,,,
,P16A0500H70,16.0,5.0,,,2,0.128,0.256,F1,P16,,,,,
,P16A0500P70,16.0,5.0,,,3,0.128,0.384,F1,P16,,,,,
,P25A0500E70008401,25.0,5.0,,,2,0.3125,0.625,F1,P25,,,,,
,R10A0120E00182101,10.0,1.2,,,1,0.012,0.012,F1,R10,,,,,
,R12A0105E00027301,12.0,1.05,,,3,0.0151,0.0454,F1,R12,,,,,
,R12A0110E00026301,12.0,1.1,,,6,0.0158,0.095,F1,R12,,,,,
,R12A0130P00,12.0,1.3,,,1,0.0187,0.0187,F1,R12,,,,,
,R12F0200E00025401,12.0,2.0,,,10,0.0288,0.288,F1,R12,,,,,
,R12N0100E00005701,12.0,1.0,,,39,0.0144,0.5616,F1,R12,,,,,
,R14A0200E00017302,14.0,2.0,,,5,0.0392,0.196,F1,R14,,,,,
,R14A0200E00017302,14.0,2.0,,,42,0.0392,1.6464,F1,R14,,,,,
,S16A0400T00,16.0,4.0,,,3,0.1024,0.3072,F1,S16,,,,,
,S16A0500E54012001,16.0,5.0,,,1,0.128,0.128,F1,S16,,,,,
,S16A0500T00,16.0,5.0,,,1,0.128,0.128,F1,S16,,,,,
,S16A0580E54015101,16.0,5.8,,,1,0.1485,0.1485,F1,S16,,,,,
,S16A0600T00,16.0,6.0,,,5,0.1536,0.768,F1,S16,,,,,
,S16A0600T00,16.0,6.0,,,1,0.1536,0.1536,F1,S16,,,,,
,S18A0800P01,18.0,8.0,,,3,0.2592,0.7776,F1,S18,,,,,
,S18A0800P01,18.0,8.0,,,1,0.2592,0.2592,F1,S18,,,,,
,S20A0900T02,20.0,9.0,,,1,0.36,0.36,F1,S20,,,,,
,S20A1000P00,20.0,10.0,,,1,0.4,0.4,F1,S20,,,,,
,S20A1000T50020701,20.0,10.0,,,21,0.4,8.4,F1,S20,,,,,
,S20A1200T00,20.0,12.0,,,1,0.48,0.48,F1,S20,,,,,
,S20A1200T55042301,20.0,12.0,,,1,0.48,0.48,F1,S20,,,,,
,S22A0800P50040301,22.0,8.0,,,2,0.3872,0.7744,F1,S22,,,,,
,S22A1000S02,22.0,10.0,,,1,0.484,0.484,F1,S22,,,,,
,S22A1050T02,22.0,10.5,,,1,0.5082,0.5082,F1,S22,,,,,
,S22A1100S02,22.0,11.0,,,2,0.5324,1.0648,F1,S22,,,,,
,S22A1100S25,22.0,11.0,,,2,0.5324,1.0648,F1,S22,,,,,
,S22A1150S02,22.0,11.5,,,1,0.5566,0.5566,F1,S22,,,,,
,S22A1200S00,22.0,12.0,,,8,0.5808,4.6464,F1,S22,,,,,
,S22A1200T02,22.0,12.0,,,1,0.5808,0.5808,F1,S22,,,,,
,S22A1250S02,22.0,12.5,,,3,0.605,1.815,F1,S22,,,,,
,S22A1400T54045801,22.0,14.0,,,1,0.6776,0.6776,F1,S22,,,,,
,S22A1800T22,22.0,18.0,,,3,0.8712,2.6136,F1,S22,,,,,
,S26A0750T02,26.0,7.5,,,1,0.507,0.507,F1,S26,,,,,
,S26A0800S02,26.0,8.0,,,7,0.5408,3.7856,F1,S26,,,,,
,S26A0800S02,26.0,8.0,,,4,0.5408,2.1632,F1,S26,,,,,
,S26A0800S02,26.0,8.0,,,7,0.5408,3.7856,F1,S26,,,,,
,S26A1000S02,26.0,10.0,,,8,0.676,5.408,F1,S26,,,,,
,S26A1000S02,26.0,10.0,,,42,0.676,28.392,F1,S26,,,,,
,S26A1050S02,26.0,10.5,,,1,0.7098,0.7098,F1,S26,,,,,
,S26A1050T02,26.0,10.5,,,1,0.7098,0.7098,F1,S26,,,,,
,S26A1100T02,26.0,11.0,,,8,0.7436,5.9488,F1,S26,,,,,
,S26A1200S02,26.0,12.0,,,2,0.8112,1.6224,F1,S26,,,,,
,S26A1200S02,26.0,12.0,,,1,0.8112,0.8112,F1,S26,,,,,
,S26A1250S02,26.0,12.5,,,2,0.845,1.69,F1,S26,,,,,
,S26A1400E54019401,26.0,14.0,,,3,0.9464,2.8392,F1,S26,,,,,
,S26A1400E54019401,26.0,14.0,,,31,0.9464,29.3384,F1,S26,,,,,
,S26A1400S00,26.0,14.0,,,1,0.9464,0.9464,F1,S26,,,,,
,S26A1500S00,26.0,15.0,,,4,1.014,4.056,F1,S26,,,,,
,S26A2000E04039101,26.0,20.0,,,7,1.352,9.464,F1,S26,,,,,
,S26A2000E54039101,26.0,20.0,,,2,1.352,2.704,F1,S26,,,,,
,S30A0800T22,30.0,8.0,,,1,0.72,0.72,F1,S30,,,,,
,S30A0900S02,30.0,9.0,,,2,0.81,1.62,F1,S30,,,,,
,S30A0900T24,30.0,9.0,,,2,0.81,1.62,F1,S30,,,,,
,S30A1000S02,30.0,10.0,,,3,0.9,2.7,F1,S30,,,,,
,S30A1200E50033702,30.0,12.0,,,1,1.08,1.08,F1,S30,,,,,
,S30A1200S00,30.0,12.0,,,6,1.08,6.48,F1,S30,,,,,
,S30A1200S02,30.0,12.0,,,3,1.08,3.24,F1,S30,,,,,
,S30A1300S04,30.0,13.0,,,2,1.17,2.34,F1,S30,,,,,
,S30A1400E50033501,30.0,14.0,,,4,1.26,5.04,F1,S30,,,,,
,S30A1600T02,30.0,16.0,,,1,1.44,1.44,F1,S30,,,,,
,S30A1600T50005601,30.0,16.0,,,2,1.44,2.88,F1,S30,,,,,
,S30A1800P00,30.0,18.0,,,1,1.62,1.62,F1,S30,,,,,
,S30A2400P00,30.0,24.0,,,7,2.16,15.12,F1,S30,,,,,
,S35A0750E55034501,35.0,7.5,,,2,0.9188,1.8375,F1,S35,,,,,
,S35A1000S02,35.0,10.0,,,5,1.225,6.125,F1,S35,,,,,
,S35A1000S52011701,35.0,10.0,,,1,1.225,1.225,F1,S35,,,,,
,S35A1300P01,35.0,13.0,,,2,1.5925,3.185,F1,S35,,,,,
,S35A1300S02,35.0,13.0,,,1,1.5925,1.5925,F1,S35,,,,,
,S35A1350S02,35.0,13.5,,,3,1.6538,4.9613,F1,S35,,,,,
,S35A1450P02,35.0,14.5,,,1,1.7763,1.7763,F1,S35,,,,,
,S35A1800T50025101,35.0,18.0,,,4,2.205,8.82,F1,S35,,,,,
,S35A1900T00,35.0,19.0,,,1,2.3275,2.3275,F1,S35,,,,,
,S35A1900T00,35.0,19.0,,,2,2.3275,4.655,F1,S35,,,,,
,S35A2100S50017901,35.0,21.0,,,1,2.5725,2.5725,F1,S35,,,,,
,S35A2100T00,35.0,21.0,,,1,2.5725,2.5725,F1,S35,,,,,
,S35A2250S00,35.0,22.5,,,1,2.7563,2.7563,F1,S35,,,,,
,S40A0700T02,40.0,7.0,,,1,1.12,1.12,F1,S40,,,,,
,S40A0700T54024401,40.0,7.0,,,1,1.12,1.12,F1,S40,,,,,
,S40A0850S02,40.0,8.5,,,1,1.36,1.36,F1,S40,,,,,
,S40A0900E22025101,40.0,9.0,,,2,1.44,2.88,F1,S40,,,,,
,S40A0900S05,40.0,9.0,,,2,1.44,2.88,F1,S40,,,,,
,S40A0900T05,40.0,9.0,,,6,1.44,8.64,F1,S40,,,,,
,S40A0950S02,40.0,9.5,,,1,1.52,1.52,F1,S40,,,,,
,S40A1000E05033501,40.0,10.0,,,1,1.6,1.6,F1,S40,,,,,
,S40A1000S02,40.0,10.0,,,22,1.6,35.2,F1,S40,,,,,
,S40A1050S02,40.0,10.5,,,9,1.68,15.12,F1,S40,,,,,
,S40A1300T02,40.0,13.0,,,2,2.08,4.16,F1,S40,,,,,
,S40A1300T02,40.0,13.0,,,1,2.08,2.08,F1,S40,,,,,
,S40A1300T52007501,40.0,13.0,,,2,2.08,4.16,F1,S40,,,,,
,S40A1400E50033501,40.0,14.0,,,2,2.24,4.48,F1,S40,,,,,
,S40A1500E50029501,40.0,15.0,,,1,2.4,2.4,F1,S40,,,,,
,S40A1500E50029501,40.0,15.0,,,1,2.4,2.4,F1,S40,,,,,
,S40A1500E55008501,40.0,15.0,,,1,2.4,2.4,F1,S40,,,,,
,S40A1700P00,40.0,17.0,,,2,2.72,5.44,F1,S40,,,,,
,S40A1800T05,40.0,18.0,,,2,2.88,5.76,F1,S40,,,,,
,S40A1900T54021201,40.0,19.0,,,3,3.04,9.12,F1,S40,,,,,
,S40A2100H50022201,40.0,21.0,,,5,3.36,16.8,F1,S40,,,,,
,S40A2100H50022201,40.0,21.0,,,2,3.36,6.72,F1,S40,,,,,
,S40A2100T04,40.0,21.0,,,1,3.36,3.36,F1,S40,,,,,
,S40A2200T00,40.0,22.0,,,2,3.52,7.04,F1,S40,,,,,
,S40A2300T04,40.0,23.0,,,1,3.68,3.68,F1,S40,,,,,
,S40A2400P00,40.0,24.0,,,1,3.84,3.84,F1,S40,,,,,
,S40A2500T50005602,40.0,25.0,,,1,4.0,4.0,F1,S40,,,,,
,S45A0900E04034901,45.0,9.0,,,1,1.8225,1.8225,F1,S45,,,,,
,S45A1000S05,45.0,10.0,,,5,2.025,10.125,F1,S45,,,,,
,S45A1200P00,45.0,12.0,,,1,2.43,2.43,F1,S45,,,,,
,S45A1500S02,45.0,15.0,,,7,3.0375,21.2625,F1,S45,,,,,
,S45A1800T02,45.0,18.0,,,3,3.645,10.935,F1,S45,,,,,
,S45A2100H50044101,45.0,21.0,,,3,4.2525,12.7575,F1,S45,,,,,
,S45A2800T22,45.0,28.0,,,3,5.67,17.01,F1,S45,,,,,
,S50A1800E55038801,50.0,18.0,,,1,4.5,4.5,F1,S50,,,,,
,S52A0700S25,52.5,7.0,,,2,1.9294,3.8588,F1,S52.5,,,,,
,D20B0510E54025101,20.0,5.1,,,20,0.3978,7.956,F2,D20,780.0,,,8DB12X1.5m. ปลายแหลม,
,I22B0900T02,22.0,9.0,,,9,0.3267,2.9403,F2,I22,363.0,,, ,
,I22B1050T02,22.0,10.5,,,32,0.38115,12.1968,F2,I22,363.0,,, ,
,I22B1300T02,22.0,13.0,,,22,0.4719,10.3818,F2,I22,363.0,,, ,
,I22D0900T02,22.0,9.0,,,1,0.3474,0.3474,F2,I22,386.0,,, ,
,I22D1000S02,22.0,10.0,,,4,0.386,1.544,F2,I22,386.0,,,แท่น B ชาลิสา,
,I22D1000S52019302,22.0,10.0,,,4,0.386,1.544,F2,I22,386.0,,,4DB12มม.2.50ม.,
,I22D1050S02,22.0,10.5,,,2,0.4053,0.8106,F2,I22,386.0,,, ,
,I22D1100S02,22.0,11.0,,,1,0.4246,0.4246,F2,I22,386.0,,, ,
,I22D1200S00,22.0,12.0,,,6,0.4632,2.7792,F2,I22,386.0,,,เป็นสต๊อกงานSO23060169,
,I22D1200S02,22.0,12.0,,,2,0.4632,0.9264,F2,I22,386.0,,,ลดยอด,
,I22D1300S02,22.0,13.0,,,19,0.5018,9.5342,F2,I22,386.0,,, ,
,I22D1400S02,22.0,14.0,,,4,0.5404,2.1616,F2,I22,386.0,,, ,
,I26B1050P01,26.0,10.5,,,1,0.49665,0.49665,F2,I26,473.0,,,2,
,I26D0750S02,26.0,7.5,,,1,0.36675,0.36675,F2,I26,489.0,,,โอนCode มาจาก SO22110351,
,I30B1050T02,30.0,10.5,,,3,0.693,2.079,F2,I30,660.0,,, ,
,I30D1000S00,30.0,10.0,,,8,0.66,5.28,F2,I30,660.0,,,ARP ,
,I30D1200S02,30.0,12.0,,,3,0.792,2.376,F2,I30,660.0,,, ,
,I35A1000T02,35.0,10.0,,,5,0.808,4.04,F2,I35,808.0,,, ,
,I35A1500T02,35.0,15.0,,,1,1.212,1.212,F2,I35,808.0,,, ,
,I35B1200T02,35.0,12.0,,,1,1.056,1.056,F2,I35,880.0,,, ,
,I35D0500S00,35.0,5.0,,,4,0.44,1.76,F2,I35,880.0,,, ,
,I35D0950S02,35.0,9.5,,,1,0.836,0.836,F2,I35,880.0,,, ,
,I35D1150S02,35.0,11.5,,,2,1.012,2.024,F2,I35,880.0,,, ,
,I35D1400T02,35.0,14.0,,,7,1.232,8.624,F2,I35,880.0,,, ,
,I40A0900T02A,40.0,9.0,,,6,1.1115,6.669,F2,I40,1235.0,,, ,
,I40B1050T02A,40.0,10.5,,,1,1.33875,1.33875,F2,I40,1275.0,,, ,
,I40B1200T02A,40.0,12.0,,,2,1.53,3.06,F2,I40,1275.0,,, ,
,I40D0700S02,40.0,7.0,,,2,0.868,1.736,F2,I40,1240.0,,, ,
,I40D0800S02,40.0,8.0,,,10,0.992,9.92,F2,I40,1240.0,,, ,
,I40D0900S02,40.0,9.0,,,18,1.116,20.088,F2,I40,1240.0,,, ,
,I40D0900T52020101,40.0,9.0,,,25,1.116,27.9,F2,I40,1240.0,,,4DB12มม.4.00ม.,
,I40D0950T02,40.0,9.5,,,2,1.178,2.356,F2,I40,1240.0,,, ,
,I40D1150T02,40.0,11.5,,,28,1.426,39.928,F2,I40,1240.0,,, ,
,I40D1250S52007602,40.0,12.5,,,4,1.55,6.2,F2,I40,1240.0,,,4DB20X3ม./ต่ำจากหัวเสา5 ม.,
,I40D1800E02039101,40.0,18.0,,,36,2.232,80.352,F2,I40,1240.0,,, ,
,I50A1050T02A,50.0,10.5,,,9,2.058,18.522,F2,I50,1960.0,,, ,
,R11F0087E00011901,11.0,0.87,,,5,0.0957,0.4785,F2,R11,1100.0,,, ,
,R11F0137E00011901,11.0,1.37,,,13,0.1507,1.9591,F2,R11,1100.0,,, ,
,S18A0400E54036801,18.0,4.0,,,5,0.1296,0.648,F2,S18,324.0,,,4DB12มม.1.20ม./DBโผล่20ซม./ปลายแหลม,
,S18A0480E54018601,18.0,4.8,,,16,0.15552,2.48832,F2,S18,324.0,,,4DB12มม.1.20ม./DBโผล่20ซม./ปลายแหลม,
,S18A0480E54035801,18.0,4.8,,,3,0.15552,0.46656,F2,S18,324.0,,,4DB12มม.1.20ม./DBโผล่20ซม./ปลายแหลม,
,S18A0600E54036801,18.0,6.0,,,3,0.1944,0.5832,F2,S18,324.0,,,4DB12มม.1.20ม./DBโผล่20ซม./ปลายแหลม,
,S18A0600S00,18.0,6.0,,,1,0.1944,0.1944,F2,S18,324.0,,,เศษจาก S18A0800S00 ,
,S18A0800E50033501,18.0,8.0,,,2,0.2592,0.5184,F2,S18,324.0,,,4DB12มม.3.00ม.  /นับได้ 2 ท่อน,
,S18A0800S00,18.0,8.0,,,1,0.2592,0.2592,F2,S18,324.0,,, ,
,S18A0800S02,18.0,8.0,,,6,0.2592,1.5552,F2,S18,324.0,,, ,
,S18A0900S02,18.0,9.0,,,14,0.2916,4.0824,F2,S18,324.0,,, ,
,S18A0950S02,18.0,9.5,,,4,0.3078,1.2312,F2,S18,324.0,,, ,
,S18A1000S02,18.0,10.0,,,9,0.324,2.916,F2,S18,324.0,,, ,
,S18A1050S02,18.0,10.5,,,4,0.3402,1.3608,F2,S18,324.0,,, ,
,S18A1200S02,18.0,12.0,,,7,0.3888,2.7216,F2,S18,324.0,,, ,
,S22A0700T02,22.0,7.0,,,1,0.3388,0.3388,F2,S22,484.0,,, ,
,S22A0750S52021101,22.0,7.5,,,2,0.363,0.726,F2,S22,484.0,,,4DB16มม.3.00ม.,
,S22A0800S00,22.0,8.0,,,7,0.3872,2.7104,F2,S22,484.0,,, ,
,S22A0800S02,22.0,8.0,,,1,0.3872,0.3872,F2,S22,484.0,,, ,
,S22A0950S02,22.0,9.5,,,1,0.4598,0.4598,F2,S22,484.0,,, ,
,S22A1100S02,22.0,11.0,,,7,0.5324,3.7268,F2,S22,484.0,,, ,
,S22A1300S02,22.0,13.0,,,16,0.6292,10.0672,F2,S22,484.0,,, ,
,S26A0200T00(เสาตัด),26.0,2.0,,,3,0.1352,0.4056,F2,S26,676.0,,, ,
,S26A1050T02,26.0,10.5,,,1,0.7098,0.7098,F2,S26,676.0,,, ,
,S30A0900S02,30.0,9.0,,,5,0.81,4.05,F2,S30,900.0,,,ตอก FAC 6,
,S30A1200E50033702,30.0,12.0,,,2,1.08,2.16,F2,S30,900.0,,,4DB16มม.4.00ม.,
,S30A1300T00,30.0,13.0,,,5,1.17,5.85,F2,S30,900.0,,, ,
,S35A0500S02,35.0,5.0,,,1,0.6125,0.6125,F2,S35,1225.0,,, ,
,S35A0700S02,35.0,7.0,,,3,0.8575,2.5725,F2,S35,1225.0,,, ,
,S35A0750S02,35.0,7.5,,,3,0.91875,2.75625,F2,S35,1225.0,,, ,
,S35A0800S02,35.0,8.0,,,1,0.98,0.98,F2,S35,1225.0,,, ,
,S35A1000S02,35.0,10.0,,,1,1.225,1.225,F2,S35,1225.0,,, ,
,S35A1050S02,35.0,10.5,,,1,1.28625,1.28625,F2,S35,1225.0,,, ,
,S35A1050T02,35.0,10.5,,,16,1.28625,20.58,F2,S35,1225.0,,, ,
,S35A1100S02,35.0,11.0,,,2,1.3475,2.695,F2,S35,1225.0,,, ,
,S35A1200S02,35.0,12.0,,,2,1.47,2.94,F2,S35,1225.0,,, ,
,S35A1200T02,35.0,12.0,,,56,1.47,82.32,F2,S35,1225.0,,, ,
,S35A1300S02,35.0,13.0,,,1,1.5925,1.5925,F2,S35,1225.0,,, ,
,S35A1430T04,35.0,14.3,,,1,1.75175,1.75175,F2,S35,1225.0,,, ,
,S35A1500S25,35.0,15.0,,,4,1.8375,7.35,F2,S35,1225.0,,,เซลล์สั่งผลิตเผื่อ 4 ท่อน,
,S40A0800S02,40.0,8.0,,,1,1.28,1.28,F2,S40,1600.0,,, ,
,S40A1000S02,40.0,10.0,,,1,1.6,1.6,F2,S40,1600.0,,, ,
,S40A1100S55042101,40.0,11.0,,,1,1.76,1.76,F2,S40,1600.0,,,4DB20มม.4.00ม./หัวชู,
,S40A1200S02,40.0,12.0,,,1,1.92,1.92,F2,S40,1600.0,,, ,
,S40A1200T02,40.0,12.0,,,2,1.92,3.84,F2,S40,1600.0,,, ,
,S40A1400S02,40.0,14.0,,,2,2.24,4.48,F2,S40,1600.0,,, ,
,S45A0900S00,45.0,9.0,,,1,1.8225,1.8225,F2,S45,2025.0,,, ,
,S45A1050S02,45.0,10.5,,,1,2.12625,2.12625,F2,S45,2025.0,,, ,
,S45A1200S02,45.0,12.0,,,2,2.43,4.86,F2,S45,2025.0,,, ,
,S45A1200S52038102,45.0,12.0,,,2,2.43,4.86,F2,S45,2025.0,,,4DB16มม.3.00ม,
,S45A1200T02,45.0,12.0,,,1,2.43,2.43,F2,S45,2025.0,,, ,
,S45A1300S02,45.0,13.0,,,1,2.6325,2.6325,F2,S45,2025.0,,, ,
,S45A1400S52038101,45.0,14.0,,,5,2.835,14.175,F2,S45,2025.0,,,4DB16มม.2.00ม.,
,S52A1700S02,52.5,17.0,,,2,4.6852,9.3704,F2,S52.5,2756.0,,, ,
,C25A0150E22015401,25.0,1.5,SO21040154,63301,3,0.0505,0.1515,F1,⌀250,337.0,,,เสากลม/25/01.50ม./EXTRA/ตช.มีขอบ 2 ด้าน,
,C25A0700T02,25.0,7.0,SO21010021,63301,1,0.2359,0.2359,F1,⌀250,337.0,,,เสากลม/25/07.00ม./ตช.มีขอบ,
,C25A1200T02,25.0,12.0,SO21080300,63301,1,0.4044,0.4044,F1,⌀250,337.0,,,เสากลม/25/12.00ม./ตช.มีขอบ,
,C30A1400T00,30.0,14.0,CENTRALA,63109,1,0.6328,0.6328,F1,⌀300,452.0,,,เสากลม/30/14.00ม./ปลายตัด,
,C30B0500E22006201,30.0,5.0,SO21020062,63301,1,0.226,0.226,F1,⌀300,452.0,,,เสากลม/30/05.00ม./EXTRA/ตช.มีขอบ 2 ด้าน,
,C30B1300T02,30.0,13.0,SO21010012,63301,1,0.5876,0.5876,F1,⌀300,452.0,,,เสากลม/30/13.00ม./ตช.มีขอบ,
,C35A1200P02,35.0,12.0,CENTRALA,63288,5,0.6984,3.492,F1,⌀350,582.0,,,เสากลม/35/12.00ม./PACO/ตช.มีขอบ,
,C35A1500T02,35.0,15.0,CENTRALA,63109,1,0.873,0.873,F1,⌀350,582.0,,,เสากลม/35/15.00ม./ตช.มีขอบ,
,C35B0700T02,35.0,7.0,SO21070274,63301,1,0.4074,0.4074,F1,⌀350,582.0,,,เสากลม/35/07.00ม./ตช.มีขอบ,
,C35B1000T02,35.0,10.0,SO19080316,63301,1,0.582,0.582,F1,⌀350,582.0,,,เสากลม/35/10.00ม./ตช.มีขอบ,
,C35B1100T02,35.0,11.0,SO21070274,63301,2,0.6402,1.2804,F1,⌀350,582.0,,,เสากลม/35/11.00ม./ตช.มีขอบ,
,C35B1200T00,35.0,12.0,CENTRALA,63288,7,0.6984,4.8888,F1,⌀350,582.0,,,เสากลม/35/12.00ม./ปลายตัด,
,C35B1500T02,35.0,15.0,SO18060185,63301,2,0.873,1.746,F1,⌀350,582.0,,,เสากลม/35/15.00ม./ตช.มีขอบ,
,C40A0400T02,40.0,4.0,CENTRALA,63110,1,0.3064,0.3064,F1,⌀400,766.0,,,เสากลม/40/04.00ม./ตช.มีขอบ,
,C40A0600T00,40.0,6.0,SO18070246,63301,3,0.4596,1.3788,F1,⌀400,766.0,,,เสากลม/40/06.00ม./ปลายตัด,
,C40A0800T02,40.0,8.0,SO21020069,63301,3,0.6128,1.8384,F1,⌀400,766.0,,,เสากลม/40/08.00ม./ตช.มีขอบ,
,C40A1100P02,40.0,11.0,CENTRALA,63110,1,0.8426,0.8426,F1,⌀400,766.0,,,เสากลม/40/11.00ม./PACO/ตช.มีขอบ,
,C40A1100T02,40.0,11.0,SO20120481,63301,3,0.8426,2.5278,F1,⌀400,766.0,,,เสากลม/40/11.00ม./ตช.มีขอบ,
,C40A1200T02,40.0,12.0,SO20060247,63301,5,0.9192,4.596,F1,⌀400,766.0,,,เสากลม/40/12.00ม./ตช.มีขอบ,
,C40A1400E03000701,40.0,14.0,CENTRALA,63109,2,1.0724,2.1448,F1,⌀400,766.0,,,เสากลม/40/14.00ม./EXTRA/ตช.พิเศษ,
,C40A1500T02,40.0,15.0,SO20010002,63301,1,1.149,1.149,F1,⌀400,766.0,,,เสากลม/40/15.00ม./ตช.มีขอบ,
,C45A0900T52145701,45.0,9.0,CENTRALA,63110,2,0.837,1.674,F1,⌀450,930.0,,,เสากลม/45/09.00ม./เสริมDB/ตช.มีขอบ,
,C45A1100T22,45.0,11.0,CENTRAL1,63302,20,1.023,20.46,F1,⌀450,930.0,,,เสากลม/45/11.00ม./ตช.มีขอบ 2 ด้าน,
,C45A1300T02,45.0,13.0,SO20060246,63301,1,1.209,1.209,F1,⌀450,930.0,,,เสากลม/45/13.00ม./ตช.มีขอบ,
,C45A1400T00,45.0,14.0,CENTRALA,63109,7,1.302,9.114,F1,⌀450,930.0,,,เสากลม/45/14.00ม./ปลายตัด,
,C45A1400T02,45.0,14.0,CENTRAL1,63302,3,1.302,3.906,F1,⌀450,930.0,,,เสากลม/45/14.00ม./ตช.มีขอบ,
,C45A1400T02,45.0,14.0,SO20060246,63301,2,1.302,2.604,F1,⌀450,930.0,,,เสากลม/45/14.00ม./ตช.มีขอบ,
,C45A1500T02,45.0,15.0,SO20050204,63301,16,1.395,22.32,F1,⌀450,930.0,,,เสากลม/45/15.00ม./ตช.มีขอบ,
,C45A1600T02,45.0,16.0,SO17110382,63301,2,1.488,2.976,F1,⌀450,930.0,,,เสากลม/45/16.00ม./ตช.มีขอบ,
,C50A0800T02,50.0,8.0,SO17110363,63301,1,0.9272,0.9272,F1,⌀500,1159.0,,,เสากลม/50/08.00ม./ตช.มีขอบ,
,C50A0800T02,50.0,8.0,SO19020073,63301,1,0.9272,0.9272,F1,⌀500,1159.0,,,เสากลม/50/08.00ม./ตช.มีขอบ,
,C50A0800T02,50.0,8.0,SO19070271,63301,1,0.9272,0.9272,F1,⌀500,1159.0,,,เสากลม/50/08.00ม./ตช.มีขอบ,
,C50A0850T02,50.0,8.5,CENTRALA,63109,1,0.9852,0.9852,F1,⌀500,1159.0,,,เสากลม/50/08.50ม./ตช.มีขอบ,
,C50A1200T00,50.0,12.0,SO19120530,63301,4,1.3908,5.5632,F1,⌀500,1159.0,,,เสากลม/50/12.00ม./ปลายตัด,
,C50A1200T02,50.0,12.0,SO15050194,63301,1,1.3908,1.3908,F1,⌀500,1159.0,,,เสากลม/50/12.00ม./ตช.มีขอบ,
,C50A1200T02,50.0,12.0,SO20080331,63301,1,1.3908,1.3908,F1,⌀500,1159.0,,,เสากลม/50/12.00ม./ตช.มีขอบ,
,C50A1200T25,50.0,12.0,SO20120465,63301,2,1.3908,2.7816,F1,⌀500,1159.0,,,เสากลม/50/12.00ม./ตช.มีขอบ/หัวชู,
,C50A1300T02,50.0,13.0,SO21030136,63301,3,1.5067,4.5201,F1,⌀500,1159.0,,,เสากลม/50/13.00ม./ตช.มีขอบ,
,C50A1350T02,50.0,13.5,CENTRALA,63109,1,1.5647,1.5647,F1,⌀500,1159.0,,,เสากลม/50/13.50ม./ตช.มีขอบ,
,C50A1600T02,50.0,16.0,CENTRALA,63109,1,1.8544,1.8544,F1,⌀500,1159.0,,,เสากลม/50/16.00ม./ตช.มีขอบ,
,C60A1100T02,60.0,11.0,SO21030134,63301,3,1.7281,5.1843,F1,⌀600,1571.0,,,เสากลม/60/11.00ม./ตช.มีขอบ,
,C60A1100T52001101,60.0,11.0,CENTRALA,63110,1,1.7281,1.7281,F1,⌀600,1571.0,,,เสากลม/60/11.00ม./เสริม6DB16มม.3.00ม./ตช.มีขอบ,
,C60A1300T02,60.0,13.0,SO20120489,63301,1,2.0423,2.0423,F1,⌀600,1571.0,,,เสากลม/60/13.00ม./ตช.มีขอบ,
,C60A1300T25,60.0,13.0,SO21030122,63301,1,2.0423,2.0423,F1,⌀600,1571.0,,,เสากลม/60/13.00ม./ตช.มีขอบ/หัวชู,
,C60A1500T00,60.0,15.0,CENTRALA,63200,1,2.3565,2.3565,F1,⌀600,1571.0,,,เสากลม/60/15.00ม./ปลายตัด,
,C60A1600T02,60.0,16.0,SO17080273,63301,1,2.5136,2.5136,F1,⌀600,1571.0,,,เสากลม/60/16.00ม./ตช.มีขอบ,
,C80A0550P22,80.0,5.5,CENTRALA,63110,3,1.4102,4.2306,F1,⌀800,2564.0,,,เสากลม/80/05.50ม./PACO/ตช.มีขอบ 2 ด้าน,
,C80A0650P22,80.0,6.5,CENTRALA,63288,1,1.6666,1.6666,F1,⌀800,2564.0,,,เสากลม/80/06.50ม./PACO/ตช.มีขอบ 2 ด้าน,
,C80A1400T25,80.0,14.0,CENTRAL1,63302,1,3.5896,3.5896,F1,⌀800,2564.0,,,เสากลม/80/14.00ม./ตช.มีขอบ/หัวชู,
,CP0250A05000E2202,25.0,5.0,SO22040130,63301,1,0.1685,0.1685,F1,⌀250,337.0,,,เสากลม/25/05.00ม./EXTRA/ตช.พิเศษ 2 ด้าน,
,CP0250A08000T02,25.0,8.0,CENTRAL1,63302,129,0.2696,34.7784,F1,⌀250,337.0,,,เสากลม/25/08.00ม./TIS./ตช.มีขอบ,
,CP0250A08500T02,25.0,8.5,CENTRAL1,63302,2,0.2865,0.5729,F1,⌀250,337.0,,,เสากลม/25/08.50ม./TIS./ตช.มีขอบ,
,CP0250A11000T02,25.0,11.0,CENTRAL1,63302,455,0.3707,168.6685,F1,⌀250,337.0,,,เสากลม/25/11.00ม./TIS./ตช.มีขอบ,
,CP0250A12000T02,25.0,12.0,CENTRAL1,63302,31,0.4044,12.5364,F1,⌀250,337.0,,,เสากลม/25/12.00ม./TIS./ตช.มีขอบ,
,CP0250A13000T02,25.0,13.0,CENTRAL1,63302,253,0.4381,110.8393,F1,⌀250,337.0,,,เสากลม/25/13.00ม./TIS./ตช.มีขอบ,
,CP0250A14000T02,25.0,14.0,SO21090335,63301,1,0.4718,0.4718,F1,⌀250,337.0,,,เสากลม/25/14.00ม./TIS./ตช.มีขอบ,
,CP0250A17000T02,25.0,17.0,CENTRAL1,63302,3,0.5729,1.7187,F1,⌀250,337.0,,,เสากลม/25/17.00ม./TIS./ตช.มีขอบ,
,CP0300B08000T02,30.0,8.0,CENTRAL1,63302,99,0.3616,35.7984,F1,⌀300,452.0,,,เสากลม/30/08.00ม./TIS./ตช.มีขอบ,
,CP0300B08500T02,30.0,8.5,CENTRAL1,63302,2,0.3842,0.7684,F1,⌀300,452.0,,,เสากลม/30/08.50ม./TIS./ตช.มีขอบ,
,CP0300B11000T02,30.0,11.0,CENTRAL1,63302,239,0.4972,118.8308,F1,⌀300,452.0,,,เสากลม/30/11.00ม./TIS./ตช.มีขอบ,
,CP0300B13000T02,30.0,13.0,CENTRAL1,63302,237,0.5876,139.2612,F1,⌀300,452.0,,,เสากลม/30/13.00ม./TIS./ตช.มีขอบ,
,CP0300B15000T02,30.0,15.0,CENTRAL1,63302,106,0.678,71.868,F1,⌀300,452.0,,,เสากลม/30/15.00ม./TIS./ตช.มีขอบ,
,CP0300B17000T02,30.0,17.0,CENTRAL1,63302,5,0.7684,3.842,F1,⌀300,452.0,,,เสากลม/30/17.00ม./TIS./ตช.มีขอบ,
,CP0350B08000T02,35.0,8.0,CENTRAL1,63302,167,0.4656,77.7552,F1,⌀350,582.0,,,เสากลม/35/08.00ม./TIS./ตช.มีขอบ,
,CP0350B08500T02,35.0,8.5,CENTRAL1,63302,2,0.4947,0.9894,F1,⌀350,582.0,,,เสากลม/35/08.50ม./TIS./ตช.มีขอบ,
,CP0350B10000T02,35.0,10.0,SO22070251,63301,1,0.582,0.582,F1,⌀350,582.0,,,เสากลม/35/10.00ม./TIS./ตช.มีขอบ,
,CP0350B11000T02,35.0,11.0,CENTRAL1,63302,92,0.6402,58.8984,F1,⌀350,582.0,,,เสากลม/35/11.00ม./TIS./ตช.มีขอบ,
,CP0350B12000T02,35.0,12.0,CENTRAL1,63302,97,0.6984,67.7448,F1,⌀350,582.0,,,เสากลม/35/12.00ม./TIS./ตช.มีขอบ,
,CP0350B13000T02,35.0,13.0,CENTRAL1,63302,174,0.7566,131.6484,F1,⌀350,582.0,,,เสากลม/35/13.00ม./TIS./ตช.มีขอบ,
,CP0350B14000T02,35.0,14.0,CENTRAL1,63302,97,0.8148,79.0356,F1,⌀350,582.0,,,เสากลม/35/14.00ม./TIS./ตช.มีขอบ,
,CP0350B17000T02,35.0,17.0,CENTRAL1,63302,2,0.9894,1.9788,F1,⌀350,582.0,,,เสากลม/35/17.00ม./TIS./ตช.มีขอบ,
,CP0400A08000T02,40.0,8.0,CENTRAL1,63302,87,0.6128,53.3136,F1,⌀400,766.0,,,เสากลม/40/08.00ม./TIS./ตช.มีขอบ,
,CP0400A08000T02,40.0,8.0,SO21100374,63301,1,0.6128,0.6128,F1,⌀400,766.0,,,เสากลม/40/08.00ม./TIS./ตช.มีขอบ,
,CP0400A08500T02,40.0,8.5,CENTRAL1,63302,2,0.6511,1.3022,F1,⌀400,766.0,,,เสากลม/40/08.50ม./TIS./ตช.มีขอบ,
,CP0400A11000T02,40.0,11.0,CENTRAL1,63302,331,0.8426,278.9006,F1,⌀400,766.0,,,เสากลม/40/11.00ม./TIS./ตช.มีขอบ,
,CP0400A12000T02,40.0,12.0,CENTRAL1,63302,284,0.9192,261.0528,F1,⌀400,766.0,,,เสากลม/40/12.00ม./TIS./ตช.มีขอบ,
,CP0400A13000T02,40.0,13.0,CENTRAL1,63302,40,0.9958,39.832,F1,⌀400,766.0,,,เสากลม/40/13.00ม./TIS./ตช.มีขอบ,
,CP0450A08500T02,45.0,8.5,CENTRAL1,63302,2,0.7905,1.581,F1,⌀450,930.0,,,เสากลม/45/08.50ม./TIS./ตช.มีขอบ,
,CP0450A11000T02,45.0,11.0,CENTRAL1,63302,148,1.023,151.404,F1,⌀450,930.0,,,เสากลม/45/11.00ม./TIS./ตช.มีขอบ,
,CP0450A12000T02,45.0,12.0,CENTRAL1,63200,3,1.116,3.348,F1,⌀450,930.0,,,เสากลม/45/12.00ม./TIS./ตช.มีขอบ,
,CP0450A12000T02,45.0,12.0,CENTRAL1,63302,30,1.116,33.48,F1,⌀450,930.0,,,เสากลม/45/12.00ม./TIS./ตช.มีขอบ,
,CP0450A13000T02,45.0,13.0,CENTRAL1,63302,3,1.209,3.627,F1,⌀450,930.0,,,เสากลม/45/13.00ม./TIS./ตช.มีขอบ,
,CP0450A14000T02,45.0,14.0,CENTRAL1,63200,29,1.302,37.758,F1,⌀450,930.0,,,เสากลม/45/14.00ม./TIS./ตช.มีขอบ,
,CP0450A17000T02,45.0,17.0,CENTRAL1,63302,3,1.581,4.743,F1,⌀450,930.0,,,เสากลม/45/17.00ม./TIS./ตช.มีขอบ,
,CP0500A13000T02,50.0,13.0,CENTRAL1,63200,174,1.5067,262.1658,F1,⌀500,1159.0,,,เสากลม/50/13.00ม./TIS./ตช.มีขอบ,
,CP0500A14000T02,50.0,14.0,CENTRAL1,63200,111,1.6226,180.1086,F1,⌀500,1159.0,,,เสากลม/50/14.00ม./TIS./ตช.มีขอบ,
,CP0500A16000T02,50.0,16.0,CENTRAL1,63302,18,1.8544,33.3792,F1,⌀500,1159.0,,,เสากลม/50/16.00ม./TIS./ตช.มีขอบ,
,CP0600A08500T02,60.0,8.5,CENTRAL1,63302,2,1.3354,2.6707,F1,⌀600,1571.0,,,เสากลม/60/08.50ม./TIS./ตช.มีขอบ,
,CP0600A11000T02,60.0,11.0,CENTRAL1,63302,376,1.7281,649.7656,F1,⌀600,1571.0,,,เสากลม/60/11.00ม./TIS./ตช.มีขอบ,
,CP0600A12000T02,60.0,12.0,CENTRAL1,63302,230,1.8852,433.596,F1,⌀600,1571.0,,,เสากลม/60/12.00ม./TIS./ตช.มีขอบ,
,CP0600A13000T02,60.0,13.0,CENTRAL1,63302,135,2.0423,275.7105,F1,⌀600,1571.0,,,เสากลม/60/13.00ม./TIS./ตช.มีขอบ,
,CP0600A15000T02,60.0,15.0,CENTRAL1,63302,68,2.3565,160.242,F1,⌀600,1571.0,,,เสากลม/60/15.00ม./TIS./ตช.มีขอบ,
,C25A1200T00,25,12.0,CENTRAL-2019,,1,0.4044,0.4044,F2,⌀250,337.0,2019.0,7.0, ,
,C25A1400T02,25,14.0,CENTRAL-2019,,1,0.4718,0.4718,F2,⌀250,337.0,2019.0,7.0, ,
,C30B0800E22,30,8.0,CENTRAL-2019,,2,0.3616,0.7232,F2,⌀300,452.0,2019.0,7.0, ,
,C35B1700T02,35,17.0,CENTRAL-2019,,1,0.9894,0.9894,F2,⌀350,582.0,2019.0,7.0, ,
,C40A1000T00,40,10.0,CENTRAL-2019,,1,0.766,0.766,F2,⌀400,766.0,2019.0,7.0, ,
,C60A0700T02,60,7.0,CENTRAL-2019,,2,1.0997,2.1994,F2,⌀600,1571.0,2019.0,7.0, ,
,C70A1500T02,70,15.0,CENTRAL-2019,,5,3.0585,15.2925,F2,⌀700,2039.0,2019.0,7.0, ,
,O40B0800T02,40,8.0,CENTRAL-2019,,2,0.8552,1.7104,F2,⌀400,1069.0,2019.0,7.0, ,
,O40B1100T02,40,11.0,CENTRAL-2019,,2,1.1759,2.3518,F2,⌀400,1069.0,2019.0,7.0, ,
,O45A0800T02,45,8.0,CENTRAL-2019,,1,1.1624,1.1624,F2,⌀450,1453.0,2019.0,7.0, ,
,C30B1100T00,30,11.0,CENTRAL-2020,,4,0.4972,1.9888,F2,⌀300,452.0,2020.0,6.0, ,
,C30B1600T00,30,16.0,CENTRAL-2020,,1,0.7232,0.7232,F2,⌀300,452.0,2020.0,6.0, ,
,C40F1800E22,40,18.0,CENTRAL-2020,,2,1.638,3.276,F2,⌀400,910.0,2020.0,6.0, ,
,C45A0700T02,45,7.0,CENTRAL-2020,,3,0.651,1.953,F2,⌀450,930.0,2020.0,6.0, ,
,C45A0800T02,45,8.0,CENTRAL-2020,,1,0.744,0.744,F2,⌀450,930.0,2020.0,6.0, ,
,C45A0900T02,45,9.0,CENTRAL-2020,,1,0.837,0.837,F2,⌀450,930.0,2020.0,6.0, ,
,C45A1100T02,45,11.0,CENTRAL-2020,,2,1.023,2.046,F2,⌀450,930.0,2020.0,6.0,ปูนมารีน,
,C80A0600T02,80,6.0,CENTRAL-2020,,1,1.5384,1.5384,F2,⌀800,2564.0,2020.0,6.0, ,
,C25A0500T00,25,5.0,CENTRAL-2021,,1,0.1685,0.1685,F2,⌀250,337.0,2021.0,5.0, ,
,C25A0800T02,25,8.0,CENTRAL-2021,,8,0.2696,2.1568,F2,⌀250,337.0,2021.0,5.0, ,
,C25A0900T02,25,9.0,CENTRAL-2021,,2,0.3033,0.6066,F2,⌀250,337.0,2021.0,5.0, ,
,C25A1100T02,25,11.0,CENTRAL-2021,,5,0.3707,1.8535,F2,⌀250,337.0,2021.0,5.0, ,
,C25A1200T02,25,12.0,CENTRAL-2021,,18,0.4044,7.2792,F2,⌀250,337.0,2021.0,5.0, ,
,C25A1300T02,25,13.0,CENTRAL-2021,,7,0.4381,3.0667,F2,⌀250,337.0,2021.0,5.0, ,
,C30B0700T02,30,7.0,CENTRAL-2021,,2,0.3164,0.6328,F2,⌀300,452.0,2021.0,5.0, ,
,C30B0800T00(T02),,,CENTRAL-2021,,3,0.3616,1.0848,F2,,452.0,2021.0,5.0, ,
,C30B0800T02,30,8.0,CENTRAL-2021,,1,0.3616,0.3616,F2,⌀300,452.0,2021.0,5.0, ,
,C30B0900T02,30,9.0,CENTRAL-2021,,5,0.4068,2.034,F2,⌀300,452.0,2021.0,5.0, ,
,C30B1100T02,30,11.0,CENTRAL-2021,,7,0.4972,3.4804,F2,⌀300,452.0,2021.0,5.0, ,
,C30B1400T00,30,14.0,CENTRAL-2021,,1,0.6328,0.6328,F2,⌀300,452.0,2021.0,5.0, ,
,C30B1400T02,30,14.0,CENTRAL-2021,,3,0.6328,1.8984,F2,⌀300,452.0,2021.0,5.0, ,
,C30B1500T02,30,15.0,CENTRAL-2021,,8,0.678,5.424,F2,⌀300,452.0,2021.0,5.0, ,
,C30B1600T02,30,16.0,CENTRAL-2021,,6,0.7232,4.3392,F2,⌀300,452.0,2021.0,5.0, ,
,C30B1700T00,30,17.0,CENTRAL-2021,,1,0.7684,0.7684,F2,⌀300,452.0,2021.0,5.0, ,
,C35B1100T02,35,11.0,CENTRAL-2021,,9,0.6402,5.7618,F2,⌀350,582.0,2021.0,5.0, ,
,C40A0900T02,40,9.0,CENTRAL-2021,,5,0.6894,3.447,F2,⌀400,766.0,2021.0,5.0, ,
,C40A1300T02,40,13.0,CENTRAL-2021,,2,0.9958,1.9916,F2,⌀400,766.0,2021.0,5.0, ,
,C50A1300T02(T25),,,CENTRAL-2021,,1,1.5067,1.5067,F2,,1159.0,2021.0,5.0, ,
,C50A1400T25,50,14.0,CENTRAL-2021,,16,1.6226,25.9616,F2,⌀500,1159.0,2021.0,5.0, ,
,C50A1500T02,50,15.0,CENTRAL-2021,,2,1.7385,3.477,F2,⌀500,1159.0,2021.0,5.0, ,
,C60A0800T02,60,8.0,CENTRAL-2021,,1,1.2568,1.2568,F2,⌀600,1571.0,2021.0,5.0, ,
,C60A1100T25,60,11.0,CENTRAL-2021,,1,1.7281,1.7281,F2,⌀600,1571.0,2021.0,5.0, ,
,C70A0950T02,70,9.5,CENTRAL-2021,,4,1.9371,7.7482,F2,⌀700,2039.0,2021.0,5.0, ,
,CP0250A08500T02,25,8.5,CENTRAL2-2021,,4,0.2864,1.1458,F2,⌀250,337.0,2021.0,5.0, ,
,CP0250A17000T22,25,17.0,CENTRAL2-2021,,1,0.5729,0.5729,F2,⌀250,337.0,2021.0,5.0, ,
,CP0300B08500T02,30,8.5,CENTRAL2-2021,,4,0.3842,1.5368,F2,⌀300,452.0,2021.0,5.0, ,
,CP0300B17000T00,30,17.0,CENTRAL2-2021,,2,0.7684,1.5368,F2,⌀300,452.0,2021.0,5.0, ,
,CP0300B17000T22,30,17.0,CENTRAL2-2021,,1,0.7684,0.7684,F2,⌀300,452.0,2021.0,5.0, ,
,CP0350B17000T22,35,17.0,CENTRAL2-2021,,6,0.9894,5.9364,F2,⌀350,582.0,2021.0,5.0,เสา Auger เสาหนาปั๊ม T,
,CP0350B18000T00,35,18.0,CENTRAL2-2021,,2,1.0476,2.0952,F2,⌀350,582.0,2021.0,5.0, ,
,CP0350B18000T22,35,18.0,CENTRAL2-2021,,1,1.0476,1.0476,F2,⌀350,582.0,2021.0,5.0, ,
,CP0400A09500T02,40,9.5,CENTRAL2-2021,,6,0.7277,4.3662,F2,⌀400,766.0,2021.0,5.0, ,
,CP0400A18000T02,40,18.0,CENTRAL2-2021,,17,1.3788,23.4396,F2,⌀400,766.0,2021.0,5.0, ,
,CP0400A19000T22,40,19.0,CENTRAL2-2021,,1,1.4554,1.4554,F2,⌀400,766.0,2021.0,5.0, ,
,CP0450A09500T02,45,9.5,CENTRAL2-2021,,4,0.8835,3.534,F2,⌀450,930.0,2021.0,5.0, ,
,CP0450A19000T00,45,19.0,CENTRAL2-2021,,1,1.767,1.767,F2,⌀450,930.0,2021.0,5.0, ,
,CP0450A19000T02,45,19.0,CENTRAL2-2021,,4,1.767,7.068,F2,⌀450,930.0,2021.0,5.0, ,
,CP0500A09500T02,50,9.5,CENTRAL2-2021,,4,1.101,4.4042,F2,⌀500,1159.0,2021.0,5.0, ,
,CP0600A09500T02,60,9.5,CENTRAL2-2021,,4,1.4925,5.9698,F2,⌀600,1571.0,2021.0,5.0, ,
,CP0600A15000T22,60,15.0,CENTRAL2-2021,,1,2.3565,2.3565,F2,⌀600,1571.0,2021.0,5.0, ,
,CP0600A15000T25,60,15.0,CENTRAL2-2021,,4,2.3565,9.426,F2,⌀600,1571.0,2021.0,5.0, ,
,CP0600A19000T00,60,19.0,CENTRAL2-2021,,1,2.9849,2.9849,F2,⌀600,1571.0,2021.0,5.0, ,
,CP0600A19000T02,60,19.0,CENTRAL2-2021,,2,2.9849,5.9698,F2,⌀600,1571.0,2021.0,5.0, ,
,CP0700A09500T02,70,9.5,CENTRAL2-2021,,2,1.937,3.8741,F2,⌀700,2039.0,2021.0,5.0, ,
,CP0700A13000T02,70,13.0,CENTRAL2-2021,,4,2.6507,10.6028,F2,⌀700,2039.0,2021.0,5.0,ปูนมารีน,
,CP0700A19000T00,70,19.0,CENTRAL2-2021,,2,3.8741,7.7482,F2,⌀700,2039.0,2021.0,5.0, ,
,CP0700A19000T02,70,19.0,CENTRAL2-2021,,4,3.8741,15.4964,F2,⌀700,2039.0,2021.0,5.0, ,
,CP1000A11000T02,100,11.0,CENTRAL2-2021,,1,4.1602,4.1602,F2,⌀100,3782.0,2021.0,5.0, ,
,CP0250A08000E23,25,8.0,CENTRAL2-2022,,2,0.2696,0.5392,F2,⌀250,337.0,2022.0,4.0, ,
,CP0350B06000T02,35,6.0,CENTRAL2-2022,,4,0.3492,1.3968,F2,⌀350,582.0,2022.0,4.0, ,
,CP0400A06000T02,40,6.0,CENTRAL2-2022,,6,0.4596,2.7576,F2,⌀400,766.0,2022.0,4.0, ,
,CP0400A09000E22,40,9.0,CENTRAL2-2022,,1,0.6894,0.6894,F2,⌀400,766.0,2022.0,4.0, ,
,CP0450A14000T02,45,14.0,CENTRAL2-2022,,1,1.302,1.302,F2,⌀450,930.0,2022.0,4.0, ,
,CP0500A14000T00,50,14.0,CENTRAL2-2022,,2,1.6226,3.2452,F2,⌀500,1159.0,2022.0,4.0, ,
,CP0500A14000T02,50,14.0,CENTRAL2-2022,,7,1.6226,11.3582,F2,⌀500,1159.0,2022.0,4.0, ,
,CP0600A07000T02,60,7.0,CENTRAL2-2022,,2,1.0997,2.1994,F2,⌀600,1571.0,2022.0,4.0, ,
,CP0700A12000T02,70,12.0,CENTRAL2-2022,,10,2.4468,24.468,F2,⌀700,2039.0,2022.0,4.0, ,
,CP0700A13000T02,70,13.0,CENTRAL2-2022,,8,2.6507,21.2056,F2,⌀700,2039.0,2022.0,4.0, ,
,CP1000A07000T02,100,7.0,CENTRAL2-2022,,1,2.6474,2.6474,F2,⌀100,3782.0,2022.0,4.0, ,
,CP1000A07000T22,100,7.0,CENTRAL2-2022,,1,2.6474,2.6474,F2,⌀100,3782.0,2022.0,4.0, ,
,CP1000A14000T02,100,14.0,CENTRAL2-2022,,3,5.2948,15.8844,F2,⌀100,3782.0,2022.0,4.0, ,
,CP0250A13000T02,25,13.0,CENTRAL2-2023,,49,0.4381,21.4669,F2,⌀250,337.0,2023.0,3.0, ,
,CP0250A14000T02,25,14.0,CENTRAL2-2023,,6,0.4718,2.8308,F2,⌀250,337.0,2023.0,3.0, ,
,CP0250A17000T02,25,17.0,CENTRAL2-2023,,3,0.5729,1.7187,F2,⌀250,337.0,2023.0,3.0, ,
,CP0300B05000T00,30,5.0,CENTRAL2-2023,,1,0.226,0.226,F2,⌀300,452.0,2023.0,3.0,เสาโอนจาก CP0300B06000T00,
,CP0300B07000T00,30,7.0,CENTRAL2-2023,,1,0.3164,0.3164,F2,⌀300,452.0,2023.0,3.0,เสาโอนจาก CP0300B06000T00,
,CP0400A09000T00,40,9.0,CENTRAL2-2023,,5,0.6894,3.447,F2,⌀400,766.0,2023.0,3.0, ,
,CP0400A17000T02,40,17.0,CENTRAL2-2023,,51,1.3022,66.4122,F2,⌀400,766.0,2023.0,3.0, ,
,CP0450A07000T02,45,7.0,CENTRAL2-2023,,2,0.651,1.302,F2,⌀450,930.0,2023.0,3.0,ทาสีบูลสกาย,
,CP0450A09000T02,45,9.0,CENTRAL2-2023,,3,0.837,2.511,F2,⌀450,930.0,2023.0,3.0, ,
,CP0450A18000T02,45,18.0,CENTRAL2-2023,,6,1.674,10.044,F2,⌀450,930.0,2023.0,3.0, ,
,CP0500A12000T25,50,12.0,CENTRAL2-2023,,15,1.3908,20.862,F2,⌀500,1159.0,2023.0,3.0, ,
,CP0500A13000T25,50,13.0,CENTRAL2-2023,,15,1.5067,22.6005,F2,⌀500,1159.0,2023.0,3.0, ,
,CP0500A15000T02,50,15.0,CENTRAL2-2023,,35,1.7385,60.8475,F2,⌀500,1159.0,2023.0,3.0, ,
,CP0600A13000T25,60,13.0,CENTRAL2-2023,,4,2.0423,8.1692,F2,⌀600,1571.0,2023.0,3.0, ,
,CP0700A12000E02,70,12.0,CENTRAL2-2023,,2,2.4468,4.8936,F2,⌀700,2039.0,2023.0,3.0,โอน Code ของงานเขื่อนคลองลัดโพธิ์,
,CP0250A07000E23,25,7.0,CENTRAL2-2024,,82,0.2359,19.3438,F2,⌀250,337.0,2024.0,2.0, ,
,CP0250A07000T02,25,7.0,CENTRAL2-2024,,5,0.2359,1.1795,F2,⌀250,337.0,2024.0,2.0, ,
,CP0250A08000T02,25,8.0,CENTRAL2-2024,,62,0.2696,16.7152,F2,⌀250,337.0,2024.0,2.0, ,
,CP0250A08000T52BM,,,CENTRAL2-2024,,2,0.2696,0.5392,F2,,337.0,2024.0,2.0,2DB12มม.3.50ม.ต่ำจากหัวเสา1.00ม.,
,CP0250A09000T22,25,9.0,CENTRAL2-2024,,9,0.3033,2.7297,F2,⌀250,337.0,2024.0,2.0, ,
,CP0250A09000T50BM,,,CENTRAL2-2024,,16,0.3033,4.8528,F2,,337.0,2024.0,2.0,2DB12มม.3.50ม.ต่ำจากหัวเสา0.50ม.,
,CP0250A12000T02,25,12.0,CENTRAL2-2024,,13,0.4044,5.2572,F2,⌀250,337.0,2024.0,2.0, ,
,CP0300B07000T02,30,7.0,CENTRAL2-2024,,11,0.3164,3.4804,F2,⌀300,452.0,2024.0,2.0, ,
,CP0300B11000T22,30,11.0,CENTRAL2-2024,,9,0.4972,4.4748,F2,⌀300,452.0,2024.0,2.0, ,
,CP0300B13000T02,30,13.0,CENTRAL2-2024,,19,0.5876,11.1644,F2,⌀300,452.0,2024.0,2.0, ,
,CP0350B08000T02,35,8.0,CENTRAL2-2024,,94,0.4656,43.7664,F2,⌀350,582.0,2024.0,2.0, ,
,CP0350B12000T02,35,12.0,CENTRAL2-2024,,30,0.6984,20.952,F2,⌀350,582.0,2024.0,2.0, ,
,CP0400A14000T02,40,14.0,CENTRAL2-2024,,14,1.0724,15.0136,F2,⌀400,766.0,2024.0,2.0, ,
,CP0400A15000T02,40,15.0,CENTRAL2-2024,,20,1.149,22.98,F2,⌀400,766.0,2024.0,2.0, ,
,CP0450A07000E23,45,7.0,CENTRAL2-2024,,2,0.651,1.302,F2,⌀450,930.0,2024.0,2.0, ,
,CP0450A07000T02,45,7.0,CENTRAL2-2024,,2,0.651,1.302,F2,⌀450,930.0,2024.0,2.0,ทาสีบูลสกาย,
,CP0450A08000T02,45,8.0,CENTRAL2-2024,,30,0.744,22.32,F2,⌀450,930.0,2024.0,2.0, ,
,CP0450A15000T02,45,15.0,CENTRAL2-2024,,1,1.395,1.395,F2,⌀450,930.0,2024.0,2.0, ,
,CP0450A17000T02,45,17.0,CENTRAL2-2024,,12,1.581,18.972,F2,⌀450,930.0,2024.0,2.0, ,
,CP0500A12000T02,50,12.0,CENTRAL2-2024,,28,1.3908,38.9424,F2,⌀500,1159.0,2024.0,2.0,ปูนมารีน/ Type5,
,CP0500A13000T02,50,13.0,CENTRAL2-2024,,8,1.5067,12.0536,F2,⌀500,1159.0,2024.0,2.0, ,
,CP0500A16000T02,50,16.0,CENTRAL2-2024,,7,1.8544,12.9808,F2,⌀500,1159.0,2024.0,2.0, ,
,CP0600A08000E23,60,8.0,CENTRAL2-2024,,6,1.2568,7.5408,F2,⌀600,1571.0,2024.0,2.0,ใช้หัวเก่าผลิตให้หมด,
,CP0600B08000E23,60,8.0,CENTRAL2-2024,,10,1.448,14.48,F2,⌀600,1810.0,2024.0,2.0, ,
,CP0800A13000E25,80,13.0,CENTRAL2-2024,,1,3.3332,3.3332,F2,⌀800,2564.0,2024.0,2.0, ,
,C30B1200T02,30,12.0,CENTRAL2-2025,,2,0.0542,0.1085,F2,⌀300,452.0,2025.0,1.0,Joint เก่าใช้ให้หมด,
,CP0250A07000T02,25,7.0,CENTRAL2-2025,,120,0.2359,28.308,F2,⌀250,337.0,2025.0,1.0, ,
,CP0250A09000T02,25,9.0,CENTRAL2-2025,,24,0.3033,7.2792,F2,⌀250,337.0,2025.0,1.0, ,
,CP0250A10000T02,25,10.0,CENTRAL2-2025,,59,0.337,19.883,F2,⌀250,337.0,2025.0,1.0, ,
,CP0250A11000T02,25,11.0,CENTRAL2-2025,,59,0.3707,21.8713,F2,⌀250,337.0,2025.0,1.0, ,
,CP0250A12000T02,25,12.0,CENTRAL2-2025,,183,0.4044,74.0052,F2,⌀250,337.0,2025.0,1.0, ,
,CP0300B07000T02,30,7.0,CENTRAL2-2025,,74,0.3164,23.4136,F2,⌀300,452.0,2025.0,1.0, ,
,CP0300B08000T02,30,8.0,CENTRAL2-2025,,126,0.3616,45.5616,F2,⌀300,452.0,2025.0,1.0, ,
,CP0300B09000T00,30,9.0,CENTRAL2-2025,,15,0.4068,6.102,F2,⌀300,452.0,2025.0,1.0, ,
,CP0300B09000T02,30,9.0,CENTRAL2-2025,,137,0.4068,55.7316,F2,⌀300,452.0,2025.0,1.0, ,
,CP0300B13000T02,30,13.0,CENTRAL2-2025,,140,0.5876,82.264,F2,⌀300,452.0,2025.0,1.0, ,
,CP0300B15000T02,30,15.0,CENTRAL2-2025,,29,0.678,19.662,F2,⌀300,452.0,2025.0,1.0, ,
,CP0300B16000T02,30,16.0,CENTRAL2-2025,,59,0.7232,42.6688,F2,⌀300,452.0,2025.0,1.0, ,
,CP0300B17000T02,30,17.0,CENTRAL2-2025,,122,0.7684,93.7448,F2,⌀300,452.0,2025.0,1.0, ,
,CP0350B07000T02,35,7.0,CENTRAL2-2025,,3,0.4074,1.2222,F2,⌀350,582.0,2025.0,1.0, ,
,CP0350B09000T02,35,9.0,CENTRAL2-2025,,32,0.5238,16.7616,F2,⌀350,582.0,2025.0,1.0, ,
,CP0350B11000T02,35,11.0,CENTRAL2-2025,,148,0.6402,94.7496,F2,⌀350,582.0,2025.0,1.0, ,
,CP0350B13000T02,35,13.0,CENTRAL2-2025,,19,0.7566,14.3754,F2,⌀350,582.0,2025.0,1.0, ,
,CP0350B14000T02,35,14.0,CENTRAL2-2025,,9,0.8148,7.3332,F2,⌀350,582.0,2025.0,1.0, ,
,CP0350B15000T00,35,15.0,CENTRAL2-2025,,5,0.873,4.365,F2,⌀350,582.0,2025.0,1.0, ,
,CP0350B16000T02,35,16.0,CENTRAL2-2025,,41,0.9312,38.1792,F2,⌀350,582.0,2025.0,1.0, ,
,CP0350B17000T02,35,17.0,CENTRAL2-2025,,21,0.9894,20.7774,F2,⌀350,582.0,2025.0,1.0,เครนรูด เสาเสีย 4 ท่อนTSK,
,CP0350B18000T02,35,18.0,CENTRAL2-2025,,60,1.0476,62.856,F2,⌀350,582.0,2025.0,1.0, ,
,CP0400A07000E23,40,7.0,CENTRAL2-2025,,4,0.5362,2.1448,F2,⌀400,766.0,2025.0,1.0, ,
,CP0400A07000T02,40,7.0,CENTRAL2-2025,,14,0.5362,7.5068,F2,⌀400,766.0,2025.0,1.0, ,
,CP0400A08000T02,40,8.0,CENTRAL2-2025,,34,0.6128,20.8352,F2,⌀400,766.0,2025.0,1.0, ,
,CP0400A09000T02,40,9.0,CENTRAL2-2025,,4,0.6894,2.7576,F2,⌀400,766.0,2025.0,1.0, ,
,CP0400A11000T02,40,11.0,CENTRAL2-2025,,24,0.8426,20.2224,F2,⌀400,766.0,2025.0,1.0, ,
,CP0400A12000E03,40,12.0,CENTRAL2-2025,,1,0.9192,0.9192,F2,⌀400,766.0,2025.0,1.0,Joint เก่าใช้ให้หมด,
,CP0400A13000T02,40,13.0,CENTRAL2-2025,,46,0.9958,45.8068,F2,⌀400,766.0,2025.0,1.0, ,
,CP0400A14000T02,40,14.0,CENTRAL2-2025,,56,1.0724,60.0544,F2,⌀400,766.0,2025.0,1.0, ,
,CP0400A15000T02,40,15.0,CENTRAL2-2025,,69,1.149,79.281,F2,⌀400,766.0,2025.0,1.0, ,
,CP0450A11000T02,45,11.0,CENTRAL2-2025,,17,1.023,17.391,F2,⌀450,930.0,2025.0,1.0, ,
,CP0450A12000T02,45,12.0,CENTRAL2-2025,,76,1.116,84.816,F2,⌀450,930.0,2025.0,1.0, ,
,CP0450A13000T02,45,13.0,CENTRAL2-2025,,11,1.209,13.299,F2,⌀450,930.0,2025.0,1.0, ,
,CP0450A16000T02,45,16.0,CENTRAL2-2025,,36,1.488,53.568,F2,⌀450,930.0,2025.0,1.0, ,
,CP0450A17000T02,45,17.0,CENTRAL2-2025,,12,1.581,18.972,F2,⌀450,930.0,2025.0,1.0, ,
,CP0450A18000T02,45,18.0,CENTRAL2-2025,,2,1.674,3.348,F2,⌀450,930.0,2025.0,1.0, ,
,CP0500A12000T02,50,12.0,CENTRAL2-2025,,5,1.3908,6.954,F2,⌀500,1159.0,2025.0,1.0,Auger,
,CP0500A12000T25,50,12.0,CENTRAL2-2025,,4,1.3908,5.5632,F2,⌀500,1159.0,2025.0,1.0,Auger,
,CP0500A13000T02,50,13.0,CENTRAL2-2025,,1,1.5067,1.5067,F2,⌀500,1159.0,2025.0,1.0,Auger,
,CP0500A16000T02,50,16.0,CENTRAL2-2025,,3,1.8544,5.5632,F2,⌀500,1159.0,2025.0,1.0, ,
,CP0500B05500E33,50,5.5,CENTRAL2-2025,,1,0.6914,0.6914,F2,⌀500,1257.0,2025.0,1.0,KSC. 800,
,CP0600A08000T02,60,8.0,CENTRAL2-2025,,12,1.2568,15.0816,F2,⌀600,1571.0,2025.0,1.0, ,
,CP0600A09000T02,60,9.0,CENTRAL2-2025,,8,1.4139,11.3112,F2,⌀600,1571.0,2025.0,1.0, ,
,CP0600A12000T25,60,12.0,CENTRAL2-2025,,8,1.8852,15.0816,F2,⌀600,1571.0,2025.0,1.0,Auger,
,CP0600A13000T02,60,13.0,CENTRAL2-2025,,35,2.0423,71.4805,F2,⌀600,1571.0,2025.0,1.0, ,
,CP0600A15000T25,60,15.0,CENTRAL2-2025,,1,2.3565,2.3565,F2,⌀600,1571.0,2025.0,1.0,เสา Auger,
,CP0700A12000E00,70,12.0,CENTRAL2-2025,,1,2.4468,2.4468,F2,⌀700,2039.0,2025.0,1.0,เสาบาง งาน SO25050147,
,CP0700A12000E02,70,12.0,CENTRAL2-2025,,3,2.4468,7.3404,F2,⌀700,2039.0,2025.0,1.0,เสาบาง งาน SO25050147,
,CP0700A12000E52BH,,,CENTRAL2-2025,,2,2.4468,4.8936,F2,,2039.0,2025.0,1.0,20DB12มม.12.00ม.,
,CP0700A13000T02,70,13.0,CENTRAL2-2025,,2,2.6507,5.3014,F2,⌀700,2039.0,2025.0,1.0,Auger,
,CP0800A06000T02,80,6.0,CENTRAL2-2025,,4,1.5384,6.1536,F2,⌀800,2564.0,2025.0,1.0, ,
,CP0800A08000T02,80,8.0,CENTRAL2-2025,,14,2.0512,28.7168,F2,⌀800,2564.0,2025.0,1.0, ,
,CP0800A09000T00,80,9.0,CENTRAL2-2025,,12,2.3076,27.6912,F2,⌀800,2564.0,2025.0,1.0, ,
,CP0800A09000T02,80,9.0,CENTRAL2-2025,,1,2.3076,2.3076,F2,⌀800,2564.0,2025.0,1.0, ,
,CP0800A11000T00,80,11.0,CENTRAL2-2025,,1,2.8204,2.8204,F2,⌀800,2564.0,2025.0,1.0, ,
,CP0800A12000T02,80,12.0,CENTRAL2-2025,,9,3.0768,27.6912,F2,⌀800,2564.0,2025.0,1.0, ,
,CP0800A12000T25,80,12.0,CENTRAL2-2025,,1,3.0768,3.0768,F2,⌀800,2564.0,2025.0,1.0, ,
,CP0800A13000T00,80,13.0,CENTRAL2-2025,,3,3.3332,9.9996,F2,⌀800,2564.0,2025.0,1.0, ,
,CP0800A13000T02,80,13.0,CENTRAL2-2025,,4,3.3332,13.3328,F2,⌀800,2564.0,2025.0,1.0, ,
,CP0800A17000T02,80,17.0,CENTRAL2-2025,,4,4.3588,17.4352,F2,⌀800,2564.0,2025.0,1.0, ,
,PHC0600E15000T00AB,,,CENTRAL2-2025,,2,2.5395,5.079,F2,,1693.0,2025.0,1.0, ,
,PHC0600E17000T05AB,,,CENTRAL2-2025,,2,2.8781,5.7562,F2,,1693.0,2025.0,1.0,หัวชู,
,CP0300B12000T02,30,12.0,CENTRAL2-2026,,76,0.5424,41.2224,F2,⌀300,452.0,2026.0,0.0, ,
,CP0350B09000T02,35,9.0,CENTRAL2-2026,,30,0.5238,15.714,F2,⌀350,582.0,2026.0,0.0, ,
,CP0350B12000T02,35,12.0,CENTRAL2-2026,,29,0.6984,20.2536,F2,⌀350,582.0,2026.0,0.0, ,
,CP0400A08000T02,40,8.0,CENTRAL2-2026,,20,0.6128,12.256,F2,⌀400,766.0,2026.0,0.0, ,
,CP0400A12000T02,40,12.0,CENTRAL2-2026,,4,0.9192,3.6768,F2,⌀400,766.0,2026.0,0.0, ,
,CP0600A14000T25,60,14.0,CENTRAL2-2026,,5,2.1994,10.997,F2,⌀600,1571.0,2026.0,0.0,Type 3,
,CP0600A17000T02,60,17.0,CENTRAL2-2026,,38,2.6707,101.4866,F2,⌀600,1571.0,2026.0,0.0, ,
,CP0600A18000T02,60,18.0,CENTRAL2-2026,,4,2.8278,11.3112,F2,⌀600,1571.0,2026.0,0.0, ,
,CP0700C12000E02,70,12.0,CENTRAL2-2026,,15,2.9556,44.334,F2,⌀700,2463.0,2026.0,0.0, ,
,CP0800A12000T02,80,12.0,CENTRAL2-2026,,2,3.0768,6.1536,F2,⌀800,2564.0,2026.0,0.0,Type 3,
,CP0800A13000T02,80,13.0,CENTRAL2-2026,,1,3.3332,3.3332,F2,⌀800,2564.0,2026.0,0.0,Type 3,
,CP0800A13000T25,80,13.0,CENTRAL2-2026,,11,3.3332,36.6652,F2,⌀800,2564.0,2026.0,0.0,Type 3,
,CP0800A15000T02,80,15.0,CENTRAL2-2026,,3,3.846,11.538,F2,⌀800,2564.0,2026.0,0.0,Type 3,
,CP0800A16000T02,80,16.0,CENTRAL2-2026,,1,17.4352,17.4352,F2,⌀800,2564.0,2026.0,1.0, ,
,C25A0800T00,25,8.0,CENTRAL6-73291,,1,0.2696,0.2696,F2,⌀250,337.0,2006.0,20.0, ,
,C25A0900T22,25,9.0,CENTRAL6-73291,,2,0.3033,0.6066,F2,⌀250,337.0,2017.0,9.0, ,
,C25A1000T02,25,10.0,CENTRAL6-73291,,1,0.337,0.337,F2,⌀250,337.0,2015.0,11.0, ,
,C30B0850T02,30,8.5,CENTRAL6-73291,,1,0.3842,0.3842,F2,⌀300,452.0,2013.0,13.0, ,
,C30B1400E02(E25),,,CENTRAL6-73291,,1,0.6328,0.6328,F2,,452.0,2012.0,14.0, ,
,C35B0850T00,35,8.5,CENTRAL6-73291,,2,0.4947,0.9894,F2,⌀350,582.0,2007.0,19.0, ,
,C35B0850T02,35,8.5,CENTRAL6-73291,,1,0.4947,0.4947,F2,⌀350,582.0,2007.0,19.0, ,
,C35B1700T00(T02),,,CENTRAL6-73291,,3,0.9894,2.9682,F2,,582.0,2018.0,8.0, ,
,C40A0950T02,40,9.5,CENTRAL6-73291,,1,0.7277,0.7277,F2,⌀400,766.0,2013.0,13.0, ,
,C40A1300T00,40,13.0,CENTRAL6-73291,,2,0.9958,1.9916,F2,⌀400,766.0,2018.0,8.0, ,
,C40A1800T02,40,18.0,CENTRAL6-73291,,1,1.3788,1.3788,F2,⌀400,766.0,2017.0,9.0, ,
,C40E1100E22,40,11.0,CENTRAL6-73291,,1,1.0703,1.0703,F2,⌀400,973.0,2015.0,11.0, ,
,C45A0700T00,45,7.0,CENTRAL6-73291,,1,0.651,0.651,F2,⌀450,930.0,2002.0,24.0, ,
,C45A0800T22,45,8.0,CENTRAL6-73291,,8,0.744,5.952,F2,⌀450,930.0,2017.0,9.0, ,
,C45A1600T00,45,16.0,CENTRAL6-73291,,1,1.488,1.488,F2,⌀450,930.0,2017.0,9.0, ,
,C45A1600T02,45,16.0,CENTRAL6-73291,,1,1.488,1.488,F2,⌀450,930.0,2015.0,11.0, ,
,C45A1900T02,45,19.0,CENTRAL6-73291,,1,1.767,1.767,F2,⌀450,930.0,2013.0,13.0, ,
,C50A1200T05,50,12.0,CENTRAL6-73291,,2,1.3908,2.7816,F2,⌀500,1159.0,2014.0,12.0,DBด้านSHOE,
,C50B1500E52020901,50,15.0,CENTRAL6-73291,,1,1.8855,1.8855,F2,⌀500,1257.0,2010.0,16.0,6DB25x2.m.,
,C60A0600T00,60,6.0,CENTRAL6-73291,,9,0.9426,8.4834,F2,⌀600,1571.0,2005.0,21.0, ,
,C60A0900T50015001,60,9.0,CENTRAL6-73291,,1,1.4139,1.4139,F2,⌀600,1571.0,2011.0,15.0,17DB16x3m.,
,C60A1100T00,60,11.0,CENTRAL6-73291,,6,1.7281,10.3686,F2,⌀600,1571.0,2015.0,11.0, ,
,C60A1200T52,60,12.0,CENTRAL6-73291,,1,1.8852,1.8852,F2,⌀600,1571.0,2011.0,15.0,17DB16x12m.,
,C60A1300T22,60,13.0,CENTRAL6-73291,,1,2.0423,2.0423,F2,⌀600,1571.0,2014.0,12.0, ,
,C60A1400H55,60,14.0,CENTRAL6-73291,,1,2.1994,2.1994,F2,⌀600,1571.0,2017.0,9.0,8DB25X14m.,
,C60A1400T52,60,14.0,CENTRAL6-73291,,1,2.1994,2.1994,F2,⌀600,1571.0,2011.0,15.0,17DB16x12m.,
,C60A1700T00,60,17.0,CENTRAL6-73291,,1,2.6707,2.6707,F2,⌀600,1571.0,2008.0,18.0, ,
,C60A1900T02,60,19.0,CENTRAL6-73291,,1,2.9849,2.9849,F2,⌀600,1571.0,2013.0,13.0, ,
,C70A0950T02,70,9.5,CENTRAL6-73291,,4,1.9371,7.7482,F2,⌀700,2039.0,2018.0,8.0, ,
,C70A1500T02(T25),,,CENTRAL6-73291,,2,3.0585,6.117,F2,,2039.0,2018.0,8.0, ,
,C70A1600T02,70,16.0,CENTRAL6-73291,,3,3.2624,9.7872,F2,⌀700,2039.0,2018.0,8.0, ,
,C70A1700T25,70,17.0,CENTRAL6-73291,,2,3.4663,6.9326,F2,⌀700,2039.0,2018.0,8.0, ,
,C70A1900T02,70,19.0,CENTRAL6-73291,,6,3.8741,23.2446,F2,⌀700,2039.0,2018.0,8.0, ,
,C70A1900T22,70,19.0,CENTRAL6-73291,,1,3.8741,3.8741,F2,⌀700,2039.0,2018.0,8.0, ,
,C80C1600E22,80,16.0,CENTRAL6-73291,,1,4.2432,4.2432,F2,⌀800,2652.0,2015.0,11.0, ,
,C40A0900T00,40,9.0,CENTRAL-73289,,2,0.6894,1.3788,F2,⌀400,766.0,2015.0,11.0, ,
,PHC0300C09500T02A,,,CENTRALPHCA,,2,0.4807,0.9614,F2,,506.0,2023.0,3.0,"#4720, 4721 ขนไปเทส รง.1",
,PHC0350D09500T02A,,,CENTRALPHCA,,2,0.645,1.2901,F2,,679.0,2023.0,3.0,"#232, 4018 ขนไปเทส รง.1",
,PHC0350D19000T02A,,,CENTRALPHCA,,1,1.2901,1.2901,F2,,679.0,2023.0,3.0,ผลิตเพื่อขอมอก.3426-2565,
,PHC0400F09500T02A,,,CENTRALPHCA,,2,0.8645,1.729,F2,,910.0,2023.0,3.0,"#4718, 4719 ขนไปเทส รง.1",
,PHC0450D09500T02A,,,CENTRALPHCA,,2,1.007,2.014,F2,,1060.0,2023.0,3.0,"#4716, 4717 ขนไปเทส รง.1",
,PHC0500B19000T02A,,,CENTRALPHCA,,1,2.3883,2.3883,F2,,1257.0,2023.0,3.0,ผลิตเพื่อขอมอก.3426-2565,
,PHC0700A09500T25A,,,CENTRALPHCA,,10,1.937,19.3705,F2,,2039.0,2023.0,3.0,"#1751, 1752 ขนไปเทส รง.1 ",
,PHC0700A19000T02A,,,CENTRALPHCA,,1,3.8741,3.8741,F2,,2039.0,2023.0,3.0,ผลิตเพื่อขอมอก.3426-2565,
,PHC0300C09500T02AB,,,CENTRALPHCAB,,2,0.4807,0.9614,F2,,506.0,2023.0,3.0,"#4208, 4209 ขนไปเทส รง.1",
,PHC0300C11000T22AB,,,CENTRALPHCAB,,2,0.5566,1.1132,F2,,506.0,2025.0,1.0,ผลิตเพื่อทดสอบกำลังอัด,
,PHC0350D09500T02AB,,,CENTRALPHCAB,,4,0.645,2.5802,F2,,679.0,2023.0,3.0,"#4020, 4021 ขนไปเทส รง.1  ",
,PHC0350D19000T02AB,,,CENTRALPHCAB,,1,1.2901,1.2901,F2,,679.0,2023.0,3.0,ผลิตเพื่อขอมอก.3426-2565,
,PHC0400F09500T02AB,,,CENTRALPHCAB,,6,0.8645,5.187,F2,,910.0,2023.0,3.0,"#2578, 2579 ขนไปเทส รง.1",
,PHC0450D09500T02AB,,,CENTRALPHCAB,,2,1.007,2.014,F2,,1060.0,2023.0,3.0,"#4204, 4205 ขนไปเทส รง.1",
,PHC0500B09500T02AB,,,CENTRALPHCAB,,2,1.1942,2.3883,F2,,1257.0,2023.0,3.0,"#4014, 4015 ขนไปเทส รง.1  ",
,PHC0500B19000T02AB,,,CENTRALPHCAB,,1,2.3883,2.3883,F2,,1257.0,2023.0,3.0,ผลิตเพื่อขอมอก.3426-2565,
,PHC0600E09500T02AB,,,CENTRALPHCAB,,1,1.6083,1.6083,F2,,1693.0,2023.0,3.0,"#1048, 1049 ขนไปเทส รง.1",
,PHC0700A09500T25AB,,,CENTRALPHCAB,,10,1.937,19.3705,F2,,2039.0,2023.0,3.0,"#1749, 1750 ขนไปเทส รง.1 ",
,PHC0700A19000T02AB,,,CENTRALPHCAB,,1,3.8741,3.8741,F2,,2039.0,2023.0,3.0,ผลิตเพื่อขอมอก.3426-2565,
,PHC0800F08750T02AB,,,CENTRALPHCAB,,2,2.394,4.788,F2,,2736.0,2023.0,3.0,"#3168, 3169 ขนไปเทส รง.1",
,C45A1500T00,45,15.0,CENTRAL-SO10110398,,2,1.395,2.79,F2,⌀450,930.0,2017.0,9.0, ,
,C25A1300T00,25,13.0,CENTRAL-SO11070236,,2,0.4381,0.8762,F2,⌀250,337.0,2011.0,15.0, ,
,C60A1100T00,60,11.0,CENTRAL-SO12070283,,2,1.7281,3.4562,F2,⌀600,1571.0,2012.0,14.0, ,
,C25A0700E22005001,25,7.0,CENTRAL-SO13010050,,3,0.2359,0.7077,F2,⌀250,337.0,2013.0,13.0,เสาสัญญาณ ,
,C30B0700E22005001,30,7.0,CENTRAL-SO13010050,,3,0.3164,0.9492,F2,⌀300,452.0,2013.0,13.0,เสาสัญญาณ ,
,C40A1100E22005001,40,11.0,CENTRAL-SO13010050,,3,0.8426,2.5278,F2,⌀400,766.0,2013.0,13.0,เสาสัญญาณ ,
,C45A0700E22005001,45,7.0,CENTRAL-SO13010050,,3,0.651,1.953,F2,⌀450,930.0,2013.0,13.0,เสาสัญญาณ ,
,C30B0900T00,30,9.0,CENTRAL-SO13090437,,2,0.4068,0.8136,F2,⌀300,452.0,2017.0,9.0, ,
,C45A1100T00,45,11.0,CENTRAL-SO13090437,,6,1.023,6.138,F2,⌀450,930.0,2017.0,9.0, ,
,C30B0700T00,30,7.0,CENTRAL-SO14080308,,1,0.3164,0.3164,F2,⌀300,452.0,2017.0,9.0, ,
,C40A1650T02,40,16.5,CENTRAL-SO15090361,,1,1.2639,1.2639,F2,⌀400,766.0,2015.0,11.0, ,
,C60C1300E02041401,60,13.0,CENTRAL-SO15100414,,1,2.496,2.496,F2,⌀600,1920.0,2015.0,11.0, ,
,C30B1300T00,30,13.0,CENTRAL-SO15120488,,4,0.5876,2.3504,F2,⌀300,452.0,2019.0,7.0, ,
,C40A0900T00,40,9.0,CENTRAL-SO15120491,,3,0.6894,2.0682,F2,⌀400,766.0,2015.0,11.0, ,
,C35B1300T22,35,13.0,CENTRAL-SO16010004,,1,0.7566,0.7566,F2,⌀350,582.0,2016.0,10.0, ,
,C35B1700T02,35,17.0,CENTRAL-SO16010004,,3,0.9894,2.9682,F2,⌀350,582.0,2019.0,7.0, ,
,C30B1200T00,30,12.0,CENTRAL-SO16020071,,1,0.5424,0.5424,F2,⌀300,452.0,2018.0,8.0, ,
,C50A1700E00007401,50,17.0,CENTRAL-SO16020074,,2,1.9703,3.9406,F2,⌀500,1159.0,2016.0,10.0, ,
,C50A1500E00038401,50,15.0,CENTRAL-SO16100384,,1,1.7385,1.7385,F2,⌀500,1159.0,2016.0,10.0, ,
,C25A0600T00,25,6.0,CENTRAL-SO16110393,,1,0.2022,0.2022,F2,⌀250,337.0,2019.0,7.0, ,
,C60A1500H02041901,60,15.0,CENTRAL-SO16110419,,1,2.3565,2.3565,F2,⌀600,1571.0,2017.0,9.0, ,
,C40A1700T02,40,17.0,CENTRAL-SO17040119,,1,1.3022,1.3022,F2,⌀400,766.0,2017.0,9.0, ,
,C35B0200T02,35,2.0,CENTRAL-SO17080272,,28,0.1164,3.2592,F2,⌀350,582.0,2017.0,9.0, ,
,C35B0400T02,35,4.0,CENTRAL-SO17080272,,19,0.2328,4.4232,F2,⌀350,582.0,2017.0,9.0, ,
,C30B1000T00,30,10.0,CENTRAL-SO17090290,,4,0.452,1.808,F2,⌀300,452.0,2019.0,7.0, ,
,C40A0300T02,40,3.0,CENTRAL-SO17090291,,1,0.2298,0.2298,F2,⌀400,766.0,2017.0,9.0, ,
,C60A1600T25,60,16.0,CENTRAL-SO17110374,,2,2.5136,5.0272,F2,⌀600,1571.0,2018.0,8.0, ,
,C40A1100T00,40,11.0,CENTRAL-SO17120420,,15,0.8426,12.639,F2,⌀400,766.0,2018.0,8.0, ,
,C35B0600E22000401,35,6.0,CENTRAL-SO18010004,,9,0.3492,3.1428,F2,⌀350,582.0,2017.0,9.0, ,
,C50A1500T25016001,50,15.0,CENTRAL-SO18050160,,3,1.7385,5.2155,F2,⌀500,1159.0,2018.0,8.0, ,
,C70A1500T02,70,15.0,CENTRAL-SO18060214,,9,3.0585,27.5265,F2,⌀700,2039.0,2018.0,8.0, ,
,C70A1500T25,70,15.0,CENTRAL-SO18060214,,10,3.0585,30.585,F2,⌀700,2039.0,2018.0,8.0, ,
,C25A0700E22010401,25,7.0,CENTRAL-SO18070270,,9,0.2359,2.1231,F2,⌀250,337.0,2020.0,6.0, ,
,C25A0700E22027001,25,7.0,CENTRAL-SO18070270,,1,0.2359,0.2359,F2,⌀250,337.0,2019.0,7.0, ,
,C25A1100T22,25,11.0,CENTRAL-SO18070270,,20,0.3707,7.414,F2,⌀250,337.0,2018.0,8.0, ,
,C30B0150E02027001,30,1.5,CENTRAL-SO18070270,,2,0.0678,0.1356,F2,⌀300,452.0,2019.0,7.0, ,
,C40A0300E02027001,40,3.0,CENTRAL-SO18070270,,25,0.2298,5.745,F2,⌀400,766.0,2018.0,8.0, ,
,C50A0700E22027001,50,7.0,CENTRAL-SO18070270,,3,0.8113,2.4339,F2,⌀500,1159.0,2018.0,8.0, ,
,C40A0700T00,40,7.0,CENTRAL-SO18080303,,3,0.5362,1.6086,F2,⌀400,766.0,2017.0,9.0, ,
,C80A1600T25,80,16.0,CENTRAL-SO18100388,,1,4.1024,4.1024,F2,⌀800,2564.0,2018.0,8.0, ,
,C60A1400T25,60,14.0,CENTRAL-SO18100394,,1,2.1994,2.1994,F2,⌀600,1571.0,2019.0,7.0,โอน Code ใช้งาน SO24100290,
,C30B0800E22007701,30,8.0,CENTRAL-SO19020077,,1,0.3616,0.3616,F2,⌀300,452.0,2019.0,7.0, ,
,C35B1600T00,35,16.0,CENTRAL-SO19030137,,1,0.9312,0.9312,F2,⌀350,582.0,2019.0,7.0, ,
,C35B1700T00,35,17.0,CENTRAL-SO19030137,,3,0.9894,2.9682,F2,⌀350,582.0,2019.0,7.0, ,
,C35B1500T02,35,15.0,CENTRAL-SO19050172,,1,0.873,0.873,F2,⌀350,582.0,2019.0,7.0, ,
,C30B1100T22,30,11.0,CENTRAL-SO19050196,,2,0.4972,0.9944,F2,⌀300,452.0,2019.0,7.0, ,
,C60A1300T00,60,13.0,CENTRAL-SO19070288,,1,2.0423,2.0423,F2,⌀600,1571.0,2019.0,7.0, ,
,C35B1000T02,35,10.0,CENTRAL-SO19080316,,1,0.582,0.582,F2,⌀350,582.0,2019.0,7.0, ,
,C30B0600T02,30,6.0,CENTRAL-SO19080355,,1,0.2712,0.2712,F2,⌀300,452.0,2019.0,7.0, ,
,C30B0600E22036701,30,6.0,CENTRAL-SO19090367,,1,0.2712,0.2712,F2,⌀300,452.0,2019.0,7.0, ,
,C60A1200H25049401,60,12.0,CENTRAL-SO19110494,,2,1.8852,3.7704,F2,⌀600,1571.0,2021.0,5.0, ,
,C60A1300H02049401,60,13.0,CENTRAL-SO19110494,,1,2.0423,2.0423,F2,⌀600,1571.0,2021.0,5.0, ,
,C60A1500T00,60,15.0,CENTRAL-SO19110497,,3,2.3565,7.0695,F2,⌀600,1571.0,2019.0,7.0, ,
,C30B1500T00,30,15.0,CENTRAL-SO19110499,,1,0.678,0.678,F2,⌀300,452.0,2020.0,6.0, ,
,C30B0800E22051401,30,8.0,CENTRAL-SO19120514,,1,0.3616,0.3616,F2,⌀300,452.0,2019.0,7.0, ,
,C70A1200T02,70,12.0,CENTRAL-SO20010014,,2,2.4468,4.8936,F2,⌀700,2039.0,2020.0,6.0, ,
,C45A1100T22,45,11.0,CENTRAL-SO20010038,,2,1.023,2.046,F2,⌀450,930.0,2020.0,6.0, ,
,C60A1300T02,60,13.0,CENTRAL-SO20020052,,9,2.0423,18.3807,F2,⌀600,1571.0,2021.0,5.0,ยกเลิกออเดอร์,
,C50A1600T00,50,16.0,CENTRAL-SO20020082,,1,1.8544,1.8544,F2,⌀500,1159.0,2020.0,6.0, ,
,C35B1200T00,35,12.0,CENTRAL-SO20030097,,1,0.6984,0.6984,F2,⌀350,582.0,2020.0,6.0, ,
,C30B1800E00,30,18.0,CENTRAL-SO20030123,,3,0.8136,2.4408,F2,⌀300,452.0,2020.0,6.0, ,
,C40A1100T02,40,11.0,CENTRAL-SO20040148,,5,0.8426,4.213,F2,⌀400,766.0,2021.0,5.0, ,
,C40A1300T02,40,13.0,CENTRAL-SO20040148,,5,0.0996,0.4979,F2,⌀400,766.0,2020.0,6.0, ,
,C40A1400T02,40,14.0,CENTRAL-SO20040148,,22,0.1072,2.3593,F2,⌀400,766.0,2020.0,6.0, ,
,C40A1600T00,40,16.0,CENTRAL-SO20040148,,3,1.2256,3.6768,F2,⌀400,766.0,2019.0,7.0, ,
,C60A1400T02,60,14.0,CENTRAL-SO20040148,,4,2.1994,8.7976,F2,⌀600,1571.0,2021.0,5.0, ,
,C45A1200T02,45,12.0,CENTRAL-SO20060246,,2,1.116,2.232,F2,⌀450,930.0,2020.0,6.0, ,
,C45A1400T02,45,14.0,CENTRAL-SO20060246,,6,1.302,7.812,F2,⌀450,930.0,2020.0,6.0, ,
,C60A1200T52029301,60,12.0,CENTRAL-SO20070293,,1,1.8852,1.8852,F2,⌀600,1571.0,2020.0,6.0,4DB16มม.3.00ม.,
,C30B1300T02,30,13.0,CENTRAL-SO20080331,,18,0.5876,10.5768,F2,⌀300,452.0,2020.0,6.0, ,
,C60A1800T02,60,18.0,CENTRAL-SO20100403,,4,2.8278,11.3112,F2,⌀600,1571.0,2021.0,5.0, ,
,C60A1800T25,60,18.0,CENTRAL-SO20100403,,1,2.8278,2.8278,F2,⌀600,1571.0,2021.0,5.0,ปูนมารีน,
,C40A1100T22,40,11.0,CENTRAL-SO20100408,,1,0.8426,0.8426,F2,⌀400,766.0,2020.0,6.0, ,
,C30B0900E22,30,9.0,CENTRAL-SO20110451,,2,0.4068,0.8136,F2,⌀300,452.0,2020.0,6.0, ,
,C35B0900E22,35,9.0,CENTRAL-SO20110451,,5,0.5238,2.619,F2,⌀350,582.0,2020.0,6.0, ,
,C60A1300T25,60,13.0,CENTRAL-SO20120468,,5,2.0423,10.2115,F2,⌀600,1571.0,2020.0,6.0, ,
,C40A1200T52048201,40,12.0,CENTRAL-SO20120482,,1,0.9192,0.9192,F2,⌀400,766.0,2021.0,5.0,4DB12มม.3.30ม.,
,C45A1200T52048201,45,12.0,CENTRAL-SO20120482,,2,1.116,2.232,F2,⌀450,930.0,2021.0,5.0,8DB16มม.6.00ม.,
,C60A1200T25,60,12.0,CENTRAL-SO21010025,,1,1.8852,1.8852,F2,⌀600,1571.0,2021.0,5.0, ,
,C25A0500E02006201,25,5.0,CENTRAL-SO21020062,,2,0.1685,0.337,F2,⌀250,337.0,2021.0,5.0, ,
,C25A0500E22006201,25,5.0,CENTRAL-SO21020062,,3,0.1685,0.5055,F2,⌀250,337.0,2021.0,5.0, ,
,C50A1700T02,50,17.0,CENTRAL-SO21020074,,3,1.9703,5.9109,F2,⌀500,1159.0,2021.0,5.0, ,
,C60A1600T02,60,16.0,CENTRAL-SO21020074,,2,2.5136,5.0272,F2,⌀600,1571.0,2021.0,5.0, ,
,C40A1200T02,40,12.0,CENTRAL-SO21020075,,3,0.9192,2.7576,F2,⌀400,766.0,2021.0,5.0, ,
,C50A1400T02,50,14.0,CENTRAL-SO21030105,,3,1.6226,4.8678,F2,⌀500,1159.0,2021.0,5.0, ,
,C35B1300T02,35,13.0,CENTRAL-SO21030110,,2,0.7566,1.5132,F2,⌀350,582.0,2021.0,5.0, ,
,C60A1100T02,60,11.0,CENTRAL-SO21030122,,4,1.7281,6.9124,F2,⌀600,1571.0,2021.0,5.0, ,
,C60A1200T02,60,12.0,CENTRAL-SO21030122,,7,1.8852,13.1964,F2,⌀600,1571.0,2021.0,5.0, ,
,C60A0800T02,60,8.0,CENTRAL-SO21040146,,2,1.2568,2.5136,F2,⌀600,1571.0,2021.0,5.0, ,
,C60A1100T02,60,11.0,CENTRAL-SO21040146,,2,1.7281,3.4562,F2,⌀600,1571.0,2021.0,5.0, ,
,C30B1200T02,30,12.0,CENTRAL-SO21040161,,11,0.5424,5.9664,F2,⌀300,452.0,2021.0,5.0, ,
,C45A1300T02,45,13.0,CENTRAL-SO21060237,,1,1.209,1.209,F2,⌀450,930.0,2021.0,5.0, ,
,C80A1700T02,80,17.0,CENTRAL-SO21070255,,2,4.3588,8.7176,F2,⌀800,2564.0,2021.0,5.0, ,
,C50A1600T02,50,16.0,CENTRAL-SO21090319,,1,1.8544,1.8544,F2,⌀500,1159.0,2021.0,5.0, ,
,CP0350B08000T02,35,8.0,CENTRAL-SO21090328,,2,0.4656,0.9312,F2,⌀350,582.0,2021.0,5.0,ปูนมารีน ทา Collar สีเขียว,
,CP0350B14000T02,35,14.0,CENTRAL-SO21090328,,2,0.8148,1.6296,F2,⌀350,582.0,2021.0,5.0,ปูนมารีน ทา Collar สีเขียว,
,CP0450A07000T02,45,7.0,CENTRAL-SO21090328,,1,0.651,0.651,F2,⌀450,930.0,2021.0,5.0,ปูนมารีน ทา Collar สีเขียว,
,CP0350B15000T02,35,15.0,CENTRAL-SO21090345,,3,0.873,2.619,F2,⌀350,582.0,2021.0,5.0,เสา Auger เสาหนาปั๊ม T,
,CP0500A09000T02,50,9.0,CENTRAL-SO21090347,,10,1.0431,10.431,F2,⌀500,1159.0,2021.0,5.0,ทาสีเขียวอ่อน,
,CP0600A07000T02,60,7.0,CENTRAL-SO21090347,,3,1.0997,3.2991,F2,⌀600,1571.0,2021.0,5.0,ทาสีเขียวอ่อน,
,CP0600A08000T02,60,8.0,CENTRAL-SO21090347,,9,1.2568,11.3112,F2,⌀600,1571.0,2021.0,5.0,ทาสีเขียวอ่อน,
,CP0600A18000T00,60,18.0,CENTRAL-SO21090347,,1,2.8278,2.8278,F2,⌀600,1571.0,2021.0,5.0,ติดท่อ,
,CP0350B18000T00,35,18.0,CENTRAL-SO21100361,,11,1.0476,11.5236,F2,⌀350,582.0,2021.0,5.0,เป็นสต๊อกงานเกมส์แล้ว,
,CP0250A13000T22,25,13.0,CENTRAL-SO21120466,,3,0.4381,1.3143,F2,⌀250,337.0,2021.0,5.0, ,
,C50A1300T25,50,13.0,CENTRAL-SO22010015,,9,1.5067,13.5603,F2,⌀500,1159.0,2021.0,5.0, ,
,C30B1700T02,30,17.0,CENTRAL-SO22010024,,2,0.7684,1.5368,F2,⌀300,452.0,2019.0,7.0, ,
,C35B1400T02,35,14.0,CENTRAL-SO22010032,,2,0.8148,1.6296,F2,⌀350,582.0,2021.0,5.0, ,
,CP0250A05000E03,25,5.0,CENTRAL-SO22040130,,1,0.1685,0.1685,F2,⌀250,337.0,2022.0,4.0, ,
,C30B0150E22027001,30,1.5,CENTRAL-SO22050179,,15,0.0678,1.017,F2,⌀300,452.0,2019.0,7.0, ,
,CP0300B13000T00,30,13.0,CENTRAL-SO22060201,,1,0.5876,0.5876,F2,⌀300,452.0,2022.0,4.0, ,
,CP0250A12000T00,25,12.0,CENTRAL-SO22070247,,4,0.4044,1.6176,F2,⌀250,337.0,2022.0,4.0, ,
,CP0250A05000E03,25,5.0,CENTRAL-SO22080270,,5,0.1685,0.8425,F2,⌀250,337.0,2022.0,4.0, ,
,CP0300B08000T00,30,8.0,CENTRAL-SO22100334,,16,0.3616,5.7856,F2,⌀300,452.0,2022.0,4.0, ,
,CP0250A06000T02,25,6.0,CENTRAL-SO22100338,,1,0.2022,0.2022,F2,⌀250,337.0,2022.0,4.0, ,
,CP0250A09000T52BG,,,CENTRAL-SO22100338,,2,0.3033,0.6066,F2,,337.0,2022.0,4.0,6DB12มม.2.00ม.,
,CP0400A09000E22,40,9.0,CENTRAL-SO22100338,,2,0.6894,1.3788,F2,⌀400,766.0,2022.0,4.0, ,
,CP0600A07000E23,60,7.0,CENTRAL-SO22100338,,11,1.0997,12.0967,F2,⌀600,1571.0,2022.0,4.0, ,
,CP0600A07000T02,60,7.0,CENTRAL-SO22100338,,6,1.0997,6.5982,F2,⌀600,1571.0,2022.0,4.0, ,
,CP0600A09000E03,60,9.0,CENTRAL-SO22100338,,6,1.4139,8.4834,F2,⌀600,1571.0,2022.0,4.0, ,
,CP0600A09000E23,60,9.0,CENTRAL-SO22100338,,1,1.4139,1.4139,F2,⌀600,1571.0,2022.0,4.0, ,
,CP0300B08000E23,30,8.0,CENTRAL-SO22110347,,2,0.3616,0.7232,F2,⌀300,452.0,2022.0,4.0, ,
,CP0500A11000T02,50,11.0,CENTRAL-SO23010001,,9,1.2749,11.4741,F2,⌀500,1159.0,2023.0,3.0, ,
,CP0450A13000T52BF,,,CENTRAL-SO23010002,,1,1.209,1.209,F2,,930.0,2023.0,3.0,4DB12มม.3.30ม.,
,CP0450A14000T52BF,,,CENTRAL-SO23010002,,1,1.302,1.302,F2,,930.0,2023.0,3.0,4DB12มม.3.30ม.,
,CP0400A17000T00,40,17.0,CENTRAL-SO23020030,,5,1.3022,6.511,F2,⌀400,766.0,2023.0,3.0, ,
,CP0400A18000T00,40,18.0,CENTRAL-SO23020030,,4,1.3788,5.5152,F2,⌀400,766.0,2023.0,3.0, ,
,CP0700A17500T25,70,17.5,CENTRAL-SO23040092,,4,3.5682,14.273,F2,⌀700,2039.0,2023.0,3.0, ,
,CP0300B01500E33,30,1.5,CENTRAL-SO23050130,,5,0.0678,0.339,F2,⌀300,452.0,2023.0,3.0, ,
,CP0400A09000E03,40,9.0,CENTRAL-SO23050145,,1,0.6894,0.6894,F2,⌀400,766.0,2023.0,3.0, ,
,C40A0700T02,40,7.0,CENTRAL-SO23060148,,1,0.5362,0.5362,F2,⌀400,766.0,2021.0,5.0, ,
,CP0450A06000T02,45,6.0,CENTRAL-SO23060165,,1,0.558,0.558,F2,⌀450,930.0,2024.0,2.0, ,
,CP0450A07000E23,45,7.0,CENTRAL-SO23060165,,4,0.651,2.604,F2,⌀450,930.0,2024.0,2.0, ,
,CP0450A12000T02,45,12.0,CENTRAL-SO23060165,,1,1.116,1.116,F2,⌀450,930.0,2024.0,2.0, ,
,CP0500A13000T02,50,13.0,CENTRAL-SO23060165,,9,1.5067,13.5603,F2,⌀500,1159.0,2023.0,3.0, ,
,CP0300B06000T00,30,6.0,CENTRAL-SO23070184,,3,0.2712,0.8136,F2,⌀300,452.0,2023.0,3.0, ,
,CP0250A14000T02,25,14.0,CENTRAL-SO23070200,,4,0.4718,1.8872,F2,⌀250,337.0,2023.0,3.0, ,
,CP0500A12000T02,50,12.0,CENTRAL-SO23090266,,15,1.3908,20.862,F2,⌀500,1159.0,2024.0,2.0, ,
,CP0500A13000T02,50,13.0,CENTRAL-SO23090266,,29,1.5067,43.6943,F2,⌀500,1159.0,2024.0,2.0, ,
,CP0500A14000T02,50,14.0,CENTRAL-SO23090266,,30,1.6226,48.678,F2,⌀500,1159.0,2024.0,2.0, ,
,CP0500A13000T02,50,13.0,CENTRAL-SO23100285,,25,1.5067,37.6675,F2,⌀500,1159.0,2024.0,2.0, ,
,CP0400A17000E00,40,17.0,CENTRAL-SO23100301,,2,1.3022,2.6044,F2,⌀400,766.0,2024.0,2.0, ,
,CP0400A18000E00,40,18.0,CENTRAL-SO23100301,,6,1.3788,8.2728,F2,⌀400,766.0,2024.0,2.0, ,
,CP0450A13000T52BF,,,CENTRAL-SO23100308,,2,1.209,2.418,F2,,930.0,2023.0,3.0,4DB12มม.3.30ม.,
,CP0600A12000T25,60,12.0,CENTRAL-SO23120370,,3,1.8852,5.6556,F2,⌀600,1571.0,2024.0,2.0, ,
,CP0250A11000T00,25,11.0,CENTRAL-SO24010015,,2,0.3707,0.7414,F2,⌀250,337.0,2024.0,2.0, ,
,CP0250A09000T50BN,,,CENTRAL-SO24020037,,2,0.3033,0.6066,F2,,337.0,2024.0,2.0,2DB12มม.5.50ม.ต่ำจากหัวเสา0.50ม.,
,CP0250A09000T52BM,,,CENTRAL-SO24020037,,1,0.3033,0.3033,F2,,337.0,2024.0,2.0,2DB12มม.3.50ม.ต่ำจากหัวเสา1.00ม.,
,CP0350B11000T22,35,11.0,CENTRAL-SO24020049,,2,0.6402,1.2804,F2,⌀350,582.0,2024.0,2.0, ,
,CP0350B08000T02,35,8.0,CENTRAL-SO24020057,,16,0.4656,7.4496,F2,⌀350,582.0,2024.0,2.0, ,
,CP0500A12000T22,50,12.0,CENTRAL-SO24020062,,2,1.3908,2.7816,F2,⌀500,1159.0,2024.0,2.0, ,
,CP0500A17000T02,50,17.0,CENTRAL-SO24020062,,22,1.9703,43.3466,F2,⌀500,1159.0,2024.0,2.0, ,
,CP0600A11000T52BC,,,CENTRAL-SO24030077,,2,1.7281,3.4562,F2,,1571.0,2024.0,2.0,8DB16มม.6.00ม.,
,CP0500A12000T02,50,12.0,CENTRAL-SO24090257,,8,1.3908,11.1264,F2,⌀500,1159.0,2024.0,2.0, ,
,CP0450A18000T02,45,18.0,CENTRAL-SO24100299,,6,1.674,10.044,F2,⌀450,930.0,2025.0,1.0, ,
,CP0400A09000T00,40,9.0,CENTRAL-SO24100300,,2,0.6894,1.3788,F2,⌀400,766.0,2024.0,2.0, ,
,CP0400A11000T00,40,11.0,CENTRAL-SO24100300,,1,0.8426,0.8426,F2,⌀400,766.0,2024.0,2.0, ,
,CP0600A13000T02,60,13.0,CENTRAL-SO25010001,,8,2.0423,16.3384,F2,⌀600,1571.0,2025.0,1.0, ,
,CP0600A11000E02,60,11.0,CENTRAL-SO25020070,,1,1.7281,1.7281,F2,⌀600,1571.0,2025.0,1.0,ทาสีส้มอ่อน,
,CP0600A15000T25,60,15.0,CENTRAL-SO25020071,,1,2.3565,2.3565,F2,⌀600,1571.0,2025.0,1.0, ,
,CP0800A11000T00,80,11.0,CENTRAL-SO25030087,,16,2.8204,45.1264,F2,⌀800,2564.0,2025.0,1.0, ,
,CP0800A12000T00,80,12.0,CENTRAL-SO25030087,,9,3.0768,27.6912,F2,⌀800,2564.0,2025.0,1.0, ,
,CP0800A14000T00,80,14.0,CENTRAL-SO25030087,,3,3.5896,10.7688,F2,⌀800,2564.0,2025.0,1.0, ,
,CP0350B15000T00,35,15.0,CENTRAL-SO25030102,,1,0.873,0.873,F2,⌀350,582.0,2025.0,1.0, ,
,CP0700C12000E52BH,,,CENTRAL-SO25050147,,1,2.9556,2.9556,F2,,2463.0,2025.0,1.0,20DB12มม.12.00ม.,
,CP0500A12000T25,50,12.0,CENTRAL-SO25050149,,13,1.3908,18.0804,F2,⌀500,1159.0,2025.0,1.0,Auger,
,CP0300B07000E23,30,7.0,CENTRAL-SO25060167,,6,0.3164,1.8984,F2,⌀300,452.0,2025.0,1.0, ,
,CP0600A14000T03,60,14.0,CENTRAL-SO25070213,,8,2.1994,17.5952,F2,⌀600,1571.0,2025.0,1.0, ,
,CP0600A15000T03,60,15.0,CENTRAL-SO25070213,,13,2.3565,30.6345,F2,⌀600,1571.0,2025.0,1.0,ลดยอดเปลี่ยนใช้เป็น T02,
,CP0600A18000T03,60,18.0,CENTRAL-SO25070213,,2,2.8278,5.6556,F2,⌀600,1571.0,2025.0,1.0,ลดยอดเปลี่ยนใช้เป็น T02,
,CP0800A11000T25,80,11.0,CENTRAL-SO25080228,,1,2.8204,2.8204,F2,⌀800,2564.0,2025.0,1.0,ปูนมารีน,
,CP0800A12000T25,80,12.0,CENTRAL-SO25080228,,1,3.0768,3.0768,F2,⌀800,2564.0,2025.0,1.0,Auger ปูนมารีน,
,CP0800A14000T02,80,14.0,CENTRAL-SO25090264,,67,3.5896,240.5032,F2,⌀800,2564.0,2025.0,1.0, ,
,CP0600A13000T22,60,13.0,CENTRAL-SO25110334,,6,2.0423,12.2538,F2,⌀600,1571.0,2026.0,0.0, ,
,CP0600A15000T22,60,15.0,CENTRAL-SO25110334,,43,2.3565,101.3295,F2,⌀600,1571.0,2026.0,0.0, ,
,CP0600A16000T02,60,16.0,CENTRAL-SO25110341,,1,2.5136,2.5136,F2,⌀600,1571.0,2026.0,0.0, ,
,CP0600A18000T02,60,18.0,CENTRAL-SO25110341,,12,2.8278,33.9336,F2,⌀600,1571.0,2025.0,1.0, ,
,CP0500A19000T05,50,19.0,CENTRAL-SO25120350,,11,2.2021,24.2231,F2,⌀500,1159.0,2025.0,1.0,Auger ปูน Type3,
,CP0500A19000T25,50,19.0,CENTRAL-SO25120350,,1,2.2021,2.2021,F2,⌀500,1159.0,2025.0,1.0,Auger ปูน Type3,
,CP0500B06000E33,50,6.0,CENTRAL-SO25120357,,1,0.7542,0.7542,F2,⌀500,1257.0,2025.0,1.0,KSC. 800,
,CP0500B09000E33,50,9.0,CENTRAL-SO25120357,,1,1.1313,1.1313,F2,⌀500,1257.0,2025.0,1.0,KSC. 800,
,CP0500B11000E03,50,11.0,CENTRAL-SO25120357,,2,1.3827,2.7654,F2,⌀500,1257.0,2025.0,1.0,KSC. 800,
,CP0300B08000E23,30,8.0,CENTRAL-SO26010023,,1,0.3616,0.3616,F2,⌀300,452.0,2026.0,0.0, ,
,CP0450A06000E23,45,6.0,CENTRAL-SO26010023,,2,0.558,1.116,F2,⌀450,930.0,2026.0,0.0, ,
,CP0450A07000T02,45,7.0,CENTRAL-SO26010023,,16,0.651,10.416,F2,⌀450,930.0,2026.0,0.0, ,
,CP0450A08000E03,45,8.0,CENTRAL-SO26010023,,7,0.744,5.208,F2,⌀450,930.0,2024.0,2.0, ,
,CP0450A08000E23,45,8.0,CENTRAL-SO26010023,,1,0.744,0.744,F2,⌀450,930.0,2025.0,1.0,ลดยอดเปลี่ยนความยาว,
,CP0300B12000T02,30,12.0,CENTRAL-SO26020049,,13,0.5424,7.0512,F2,⌀300,452.0,2026.0,0.0, ,
,CP0300B12000T02,30,12.0,CENTRAL-SO26030060,,5,0.5424,2.712,F2,⌀300,452.0,2026.0,0.0, ,
,CP0300B11000T00,30,11.0,CENTRAL-SO26030073,,3,0.4972,1.4916,F2,⌀300,452.0,2026.0,0.0, ,
,CP0500A07000T02,50,7.0,CENTRAL-SO26030077,,6,0.8113,4.8678,F2,⌀500,1159.0,2026.0,0.0, ,
CENTRAL3,S18A0900S02,18.0,9.0,(ว่าง),CENTRAL3,1,0.2916,0.2916,F3,S18A,0.0324,,,,
CENTRAL3,S18A1800S04,18.0,18.0,(ว่าง),CENTRAL3,5,0.5832,2.9160,F3,S18A,0.0324,,,,
CENTRAL3,S22A0800S04,22.0,8.0,(ว่าง),CENTRAL3,1,0.3872,0.3872,F3,S22A,0.0484,,,,
CENTRAL3,S26A0500S04,26.0,5.0,(ว่าง),CENTRAL3,12,0.3380,4.0560,F3,S26A,0.0676,,,,
CENTRAL3,S26A0800S04,26.0,8.0,(ว่าง),CENTRAL3,20,0.5408,10.8160,F3,S26A,0.0676,,,,
CENTRAL3,S26A1200S04,26.0,12.0,(ว่าง),CENTRAL3,2,0.8112,1.6224,F3,S26A,0.0676,,,,
CENTRAL3,S26A1300S05,26.0,13.0,(ว่าง),CENTRAL3,3,0.8788,2.6364,F3,S26A,0.0676,,,,
CENTRAL3,S30A0700S05,30.0,7.0,(ว่าง),CENTRAL3,4,0.6300,2.5200,F3,S30A,0.0900,,,,
CENTRAL3,S30A0800E05029901,30.0,8.0,(ว่าง),CENTRAL3,4,0.7200,2.8800,F3,S30A,0.0900,,,,EXTRA/หัวชู/Strand 12.7
CENTRAL3,S30A0800S00,30.0,8.0,(ว่าง),CENTRAL3,8,0.7200,5.7600,F3,S30A,0.0900,,,,
CENTRAL3,S30A0800S04,30.0,8.0,(ว่าง),CENTRAL3,58,0.7200,41.7600,F3,S30A,0.0900,,,,
CENTRAL3,S30A0900S04,30.0,9.0,(ว่าง),CENTRAL3,4,0.8100,3.2400,F3,S30A,0.0900,,,,
CENTRAL3,S30A1000S04,30.0,10.0,(ว่าง),CENTRAL3,3,0.9000,2.7000,F3,S30A,0.0900,,,,
CENTRAL3,S30A1200S04,30.0,12.0,(ว่าง),CENTRAL3,10,1.0800,10.8000,F3,S30A,0.0900,,,,
CENTRAL3,S30A1200S05,30.0,12.0,(ว่าง),CENTRAL3,37,1.0800,39.9600,F3,S30A,0.0900,,,,
CENTRAL3,S30A1300S05,30.0,13.0,(ว่าง),CENTRAL3,1,1.1700,1.1700,F3,S30A,0.0900,,,,
CENTRAL3,S30A1400S04,30.0,14.0,(ว่าง),CENTRAL3,4,1.2600,5.0400,F3,S30A,0.0900,,,,
CENTRAL3,S35A0800S00,35.0,8.0,(ว่าง),CENTRAL3,5,0.9800,4.9000,F3,S35A,0.1225,,,,
CENTRAL3,S35A0800S04,35.0,8.0,(ว่าง),CENTRAL3,3,0.9800,2.9400,F3,S35A,0.1225,,,,
CENTRAL3,S35A0900S04,35.0,9.0,(ว่าง),CENTRAL3,53,1.1025,58.4325,F3,S35A,0.1225,,,,
CENTRAL3,S35A1000S04,35.0,10.0,(ว่าง),CENTRAL3,7,1.2250,8.5750,F3,S35A,0.1225,,,,
CENTRAL3,S35A1000S05,35.0,10.0,(ว่าง),CENTRAL3,10,1.2250,12.2500,F3,S35A,0.1225,,,,
CENTRAL3,S35A1000S25,35.0,10.0,(ว่าง),CENTRAL3,3,1.2250,3.6750,F3,S35A,0.1225,,,,
CENTRAL3,S35A1100S04,35.0,11.0,(ว่าง),CENTRAL3,3,1.3475,4.0425,F3,S35A,0.1225,,,,
CENTRAL3,S35A1200S05,35.0,12.0,(ว่าง),CENTRAL3,48,1.4700,70.5600,F3,S35A,0.1225,,,,
CENTRAL3,S35A1350S02,35.0,13.5,(ว่าง),CENTRAL3,10,1.6538,16.5380,F3,S35A,0.1225,,,,
CENTRAL3,S35A2700S04,35.0,27.0,(ว่าง),CENTRAL3,6,3.3075,19.8450,F3,S35A,0.1225,,,,
CENTRAL3,S40A0650S04,40.0,6.5,(ว่าง),CENTRAL3,4,1.0400,4.1600,F3,S40A,0.1600,,,,
CENTRAL3,S40A0750S04,40.0,7.5,(ว่าง),CENTRAL3,2,1.2000,2.4000,F3,S40A,0.1600,,,,
CENTRAL3,S40A0800S00,40.0,8.0,(ว่าง),CENTRAL3,17,1.2800,21.7600,F3,S40A,0.1600,,,,
CENTRAL3,S40A0800S04,40.0,8.0,(ว่าง),CENTRAL3,5,1.2800,6.4000,F3,S40A,0.1600,,,,
CENTRAL3,S40A0900S00,40.0,9.0,(ว่าง),CENTRAL3,3,1.4400,4.3200,F3,S40A,0.1600,,,,
CENTRAL3,S40A1100S04,40.0,11.0,(ว่าง),CENTRAL3,2,1.7600,3.5200,F3,S40A,0.1600,,,,
CENTRAL3,S40A1100S05,40.0,11.0,(ว่าง),CENTRAL3,1,1.7600,1.7600,F3,S40A,0.1600,,,,
CENTRAL3,S40A1200S04,40.0,12.0,(ว่าง),CENTRAL3,4,1.9200,7.6800,F3,S40A,0.1600,,,,
CENTRAL3,S40A1200S05,40.0,12.0,(ว่าง),CENTRAL3,4,1.9200,7.6800,F3,S40A,0.1600,,,,
CENTRAL3,S45A0800S00,45.0,8.0,(ว่าง),CENTRAL3,8,1.6200,12.9600,F3,S45A,0.2025,,,,
CENTRAL3,S45A1000S02,45.0,10.0,(ว่าง),CENTRAL3,5,2.0250,10.1250,F3,S45A,0.2025,,,,
CENTRAL3,S45A1120E02,45.0,11.2,(ว่าง),CENTRAL3,2,2.2680,4.5360,F3,S45A,0.2025,,,,
CENTRAL3,S45A1200S05,45.0,12.0,(ว่าง),CENTRAL3,32,2.4300,77.7600,F3,S45A,0.2025,,,,
CENTRAL3,S45A2000S04,45.0,20.0,(ว่าง),CENTRAL3,6,4.0500,24.3000,F3,S45A,0.2025,,,,
CENTRAL3,S52A1500S04,52.0,15.0,(ว่าง),CENTRAL3,2,4.1340,8.2680,F3,S52A,0.2756,,,,

#LOG
วันที่,โรงงาน,ประเภทเสา,ขนาด,ความยาว (m),ลด,เพิ่ม
1/7/2026,F3,เสาอัดแรง,26x26,12.00,1,0
1/7/2026,F3,เสาอัดแรง,26x26,8.00,1,0
1/7/2026,F3,เสาอัดแรง,30x30,11.00,1,0
1/7/2026,F3,เสาอัดแรง,30x30,12.00,3,0
1/7/2026,F3,เสาอัดแรง,30x30,4.50,9,0
1/7/2026,F3,เสาอัดแรง,30x30,5.00,4,0
1/7/2026,F3,เสาอัดแรง,30x30,9.00,2,0
1/7/2026,F3,เสาอัดแรง,35x35,10.00,0,3
1/7/2026,F3,เสาอัดแรง,35x35,10.00,1,0
1/7/2026,F3,เสาอัดแรง,35x35,10.00,1,0
1/7/2026,F3,เสาอัดแรง,35x35,11.00,3,0
1/7/2026,F3,เสาอัดแรง,35x35,9.00,0,2
1/7/2026,F3,เสาอัดแรง,40x40,11.00,2,0
1/7/2026,F3,เสาอัดแรง,40x40,12.00,4,0
1/7/2026,F3,เสาอัดแรง,40x40,12.00,9,0
1/7/2026,F3,เสาอัดแรง,40x40,8.00,1,0
1/7/2026,F3,เสาอัดแรง,45x45,10.00,2,0
1/7/2026,F3,เสาอัดแรง,45x45,10.50,1,0
1/7/2026,F3,เสาอัดแรง,I40,10.50,1,0
1/7/2026,F3,เสาอัดแรง,I40,11.00,2,0
24/6/2026,F2,เสาแรงเหวี่ยง,Ø45,16.0,2,0
24/6/2026,F2,เสาแรงเหวี่ยง,Ø60,15.0,1,0
24/6/2026,F2,เสาแรงเหวี่ยง,Ø25,9.0,61,0
24/6/2026,F2,เสาแรงเหวี่ยง,Ø25,11.0,5,0
24/6/2026,F2,เสาแรงเหวี่ยง,Ø30,8.0,0,1
24/6/2026,F2,เสาแรงเหวี่ยง,Ø30,11.0,0,3
24/6/2026,F2,เสาแรงเหวี่ยง,Ø30,11.0,411,0
24/6/2026,F2,เสาแรงเหวี่ยง,Ø30,12.0,0,77
24/6/2026,F2,เสาแรงเหวี่ยง,Ø30,14.0,123,0
24/6/2026,F2,เสาแรงเหวี่ยง,Ø30,15.0,0,29
24/6/2026,F2,เสาแรงเหวี่ยง,Ø35,9.0,0,30
24/6/2026,F2,เสาแรงเหวี่ยง,Ø35,12.0,0,29
24/6/2026,F2,เสาแรงเหวี่ยง,Ø40,8.0,90,0
24/6/2026,F2,เสาแรงเหวี่ยง,Ø40,12.0,86,0
24/6/2026,F2,เสาแรงเหวี่ยง,Ø45,6.0,0,2
24/6/2026,F2,เสาแรงเหวี่ยง,Ø45,7.0,0,16
24/6/2026,F2,เสาแรงเหวี่ยง,Ø45,8.0,0,7
24/6/2026,F2,เสาแรงเหวี่ยง,Ø45,8.0,0,1
24/6/2026,F2,เสาแรงเหวี่ยง,Ø45,8.0,4,0
24/6/2026,F2,เสาแรงเหวี่ยง,Ø50,7.0,0,6
24/6/2026,F2,เสาแรงเหวี่ยง,Ø60,8.0,0,4
24/6/2026,F2,เสาแรงเหวี่ยง,Ø60,11.0,96,0
24/6/2026,F2,เสาแรงเหวี่ยง,Ø60,12.0,101,0
24/6/2026,F2,เสาแรงเหวี่ยง,Ø60,13.0,0,32
24/6/2026,F2,เสาแรงเหวี่ยง,Ø60,13.0,0,6
24/6/2026,F2,เสาแรงเหวี่ยง,Ø60,15.0,0,44
24/6/2026,F2,เสาแรงเหวี่ยง,Ø60,16.0,0,1
24/6/2026,F2,เสาแรงเหวี่ยง,Ø60,17.0,0,24
24/6/2026,F2,เสาแรงเหวี่ยง,Ø60,18.0,14,0
24/6/2026,F2,เสาแรงเหวี่ยง,Ø70,12.0,0,15
