#UPDATE_DATE_F1,21/8/2026,,,,,,,,,,,,,,
#UPDATE_DATE_F2,26/8/2026,,,,,,,,,,,,,,
#UPDATE_DATE_F3,19/8/2026,,,,,,,,,,,,,,
หมวด,ITEM CODE,Ø (cm),ความยาว (m),Order,Site (หน่วยงาน),Stock (ท่อน),BOM (m³/ท่อน),Stock (m³),โรงงาน,รหัสประเภท,Area,ปีผลิต,ปีเสา,เหล็กเสริมพิเศษ,หมายเหตุ
CENTRAL3,S18A0900S02,18,9.0,(ว่าง),CENTRAL3,1,0.2916,0.2916,F3,S18,0.0324,,,,
CENTRAL3,S18A1800S04,18,18.0,(ว่าง),CENTRAL3,5,0.5832,2.9160,F3,S18,0.0324,,,,
CENTRAL3,S22A0800S04,22,8.0,(ว่าง),CENTRAL3,1,0.3872,0.3872,F3,S22,0.0484,,,,
CENTRAL3,S26A0500S04,26,5.0,(ว่าง),CENTRAL3,12,0.3380,4.0560,F3,S26,0.0676,,,,
CENTRAL3,S26A0800S00,26,8.0,(ว่าง),CENTRAL3,1,0.5408,0.5408,F3,S26,0.0676,,,,
CENTRAL3,S26A0800S04,26,8.0,(ว่าง),CENTRAL3,20,0.5408,10.8160,F3,S26,0.0676,,,,
CENTRAL3,S26A0900S04,26,9.0,(ว่าง),CENTRAL3,6,0.6084,3.6504,F3,S26,0.0676,,,,
CENTRAL3,S26A1200S04,26,12.0,(ว่าง),CENTRAL3,3,0.8112,2.4336,F3,S26,0.0676,,,,
CENTRAL3,S26A1300S05,26,13.0,(ว่าง),CENTRAL3,2,0.8788,1.7576,F3,S26,0.0676,,,,
CENTRAL3,S30A0700S05,30,7.0,(ว่าง),CENTRAL3,4,0.6300,2.5200,F3,S30,0.09,,,,
CENTRAL3,S30A0800E05029901,30,8.0,(ว่าง),CENTRAL3,4,0.7200,2.8800,F3,S30,0.09,,,,
CENTRAL3,S30A0800S00,30,8.0,(ว่าง),CENTRAL3,8,0.7200,5.7600,F3,S30,0.09,,,,
CENTRAL3,S30A0800S04,30,8.0,(ว่าง),CENTRAL3,58,0.7200,41.7600,F3,S30,0.09,,,,
CENTRAL3,S30A0900S04,30,9.0,(ว่าง),CENTRAL3,6,0.8100,4.8600,F3,S30,0.09,,,,
CENTRAL3,S30A1000S04,30,10.0,(ว่าง),CENTRAL3,3,0.9000,2.7000,F3,S30,0.09,,,,
CENTRAL3,S30A1200S04,30,12.0,(ว่าง),CENTRAL3,13,1.0800,14.0400,F3,S30,0.09,,,,
CENTRAL3,S30A1200S05,30,12.0,(ว่าง),CENTRAL3,32,1.0800,34.5600,F3,S30,0.09,,,,
CENTRAL3,S30A1300S05,30,13.0,(ว่าง),CENTRAL3,1,1.1700,1.1700,F3,S30,0.09,,,,
CENTRAL3,S30A1400S04,30,14.0,(ว่าง),CENTRAL3,3,1.2600,3.7800,F3,S30,0.09,,,,
CENTRAL3,S35A0800S00,35,8.0,(ว่าง),CENTRAL3,5,0.9800,4.9000,F3,S35,0.1225,,,,
CENTRAL3,S35A0800S04,35,8.0,(ว่าง),CENTRAL3,3,0.9800,2.9400,F3,S35,0.1225,,,,
CENTRAL3,S35A0900S04,35,9.0,(ว่าง),CENTRAL3,51,1.1025,56.2275,F3,S35,0.1225,,,,
CENTRAL3,S35A1000E02,35,10.0,(ว่าง),CENTRAL3,1,1.2250,1.2250,F3,S35,0.1225,,,,
CENTRAL3,S35A1000S04,35,10.0,(ว่าง),CENTRAL3,7,1.2250,8.5750,F3,S35,0.1225,,,,
CENTRAL3,S35A1000S05,35,10.0,(ว่าง),CENTRAL3,11,1.2250,13.4750,F3,S35,0.1225,,,,
CENTRAL3,S35A1100S04,35,11.0,(ว่าง),CENTRAL3,3,1.3475,4.0425,F3,S35,0.1225,,,,
CENTRAL3,S35A1200S05,35,12.0,(ว่าง),CENTRAL3,48,1.4700,70.5600,F3,S35,0.1225,,,,
CENTRAL3,S35A1350S02,35,13.5,(ว่าง),CENTRAL3,10,1.6538,16.5375,F3,S35,0.1225,,,,
CENTRAL3,S35A2700S04,35,27.0,(ว่าง),CENTRAL3,6,3.3075,19.8450,F3,S35,0.1225,,,,
CENTRAL3,S40A0650S04,40,6.5,(ว่าง),CENTRAL3,4,1.0400,4.1600,F3,S40,0.16,,,,
CENTRAL3,S40A0750S04,40,7.5,(ว่าง),CENTRAL3,2,1.2000,2.4000,F3,S40,0.16,,,,
CENTRAL3,S40A0800S00,40,8.0,(ว่าง),CENTRAL3,17,1.2800,21.7600,F3,S40,0.16,,,,
CENTRAL3,S40A0800S04,40,8.0,(ว่าง),CENTRAL3,5,1.2800,6.4000,F3,S40,0.16,,,,
CENTRAL3,S40A0900S00,40,9.0,(ว่าง),CENTRAL3,3,1.4400,4.3200,F3,S40,0.16,,,,
CENTRAL3,S40A1100S04,40,11.0,(ว่าง),CENTRAL3,2,1.7600,3.5200,F3,S40,0.16,,,,
CENTRAL3,S40A1100S05,40,11.0,(ว่าง),CENTRAL3,1,1.7600,1.7600,F3,S40,0.16,,,,
CENTRAL3,S40A1200S05,40,12.0,(ว่าง),CENTRAL3,1,1.9200,1.9200,F3,S40,0.16,,,,
CENTRAL3,S45A0800S00,45,8.0,(ว่าง),CENTRAL3,8,1.6200,12.9600,F3,S45,0.2025,,,,
CENTRAL3,S45A1000S02,45,10.0,(ว่าง),CENTRAL3,5,2.0250,10.1250,F3,S45,0.2025,,,,
CENTRAL3,S45A1120E02,45,11.2,(ว่าง),CENTRAL3,2,2.2680,4.5360,F3,S45,0.2025,,,,
CENTRAL3,S45A1200S05,45,12.0,(ว่าง),CENTRAL3,32,2.4300,77.7600,F3,S45,0.2025,,,,
CENTRAL3,S45A2000S04,45,20.0,(ว่าง),CENTRAL3,6,4.0500,24.3000,F3,S45,0.2025,,,,
CENTRAL3,S52A1500S04,52,15.0,(ว่าง),CENTRAL3,2,4.1344,8.2688,F3,S52.5,0.275625,,,,
,B40B1000E71011701,40,10.0,(ว่าง),,2,3.1950,6.3900,F1,B40,0.3195,,,,
,C30A1400T00,30,14.0,(ว่าง),,1,0.6720,0.6720,F1,⌀300,0.048,,,,
,C30A1400T02,30,14.0,(ว่าง),,1,0.6720,0.6720,F1,⌀300,0.048,,,,
,C30B1100T02,30,11.0,(ว่าง),,1,0.4972,0.4972,F1,⌀300,0.0452,,,,
,C30B1300T02,30,13.0,(ว่าง),,2,0.5876,1.1752,F1,⌀300,0.0452,,,,
,C35A1200P02,35,12.0,(ว่าง),,5,0.7392,3.6960,F1,⌀350,0.0616,,,,
,C35A1500T02,35,15.0,(ว่าง),,1,0.9240,0.9240,F1,⌀350,0.0616,,,,
,C35A1700T02,35,17.0,(ว่าง),,2,1.0472,2.0944,F1,⌀350,0.0616,,,,
,C35B1200T00,35,12.0,(ว่าง),,7,0.6984,4.8888,F1,⌀350,0.0582,,,,
,C35B1400T02,35,14.0,(ว่าง),,2,0.8148,1.6296,F1,⌀350,0.0582,,,,
,C40A0400T02,40,4.0,(ว่าง),,1,0.3064,0.3064,F1,⌀400,0.0766,,,,
,C40A1100P02,40,11.0,(ว่าง),,1,0.8426,0.8426,F1,⌀400,0.0766,,,,
,C40A1400E03000701,40,14.0,(ว่าง),,2,1.0724,2.1448,F1,⌀400,0.0766,,,,
,C45A0900T52145701,45,9.0,(ว่าง),,2,0.8370,1.6740,F1,⌀450,0.093,,,,
,C45A1100T22,45,11.0,(ว่าง),,20,1.0230,20.4600,F1,⌀450,0.093,,,,
,C45A1400T00,45,14.0,(ว่าง),,7,1.3020,9.1140,F1,⌀450,0.093,,,,
,C45A1400T02,45,14.0,(ว่าง),,3,1.3020,3.9060,F1,⌀450,0.093,,,,
,C50A0850T02,50,8.5,(ว่าง),,1,0.9851,0.9851,F1,⌀500,0.1159,,,,
,C50A1350T02,50,13.5,(ว่าง),,1,1.5647,1.5647,F1,⌀500,0.1159,,,,
,C50A1500E03027801,50,15.0,(ว่าง),,1,1.7385,1.7385,F1,⌀500,0.1159,,,,
,C50A1600E03027801,50,16.0,(ว่าง),,1,1.8544,1.8544,F1,⌀500,0.1159,,,,
,C50A1600T02,50,16.0,(ว่าง),,1,1.8544,1.8544,F1,⌀500,0.1159,,,,
,C60A1100T52001101,60,11.0,(ว่าง),,1,1.7281,1.7281,F1,⌀600,0.1571,,,,
,C60A1400T25,60,14.0,(ว่าง),,1,2.1994,2.1994,F1,⌀600,0.1571,,,,
,C60A1500T00,60,15.0,(ว่าง),,1,2.3565,2.3565,F1,⌀600,0.1571,,,,
,C60A1500T02,60,15.0,(ว่าง),,3,2.3565,7.0695,F1,⌀600,0.1571,,,,
,C60A1700T02,60,17.0,(ว่าง),,4,2.6707,10.6828,F1,⌀600,0.1571,,,,
,C80A0550P22,80,5.5,(ว่าง),,3,1.4102,4.2306,F1,⌀800,0.2564,,,,
,C80A0650P22,80,6.5,(ว่าง),,1,1.6666,1.6666,F1,⌀800,0.2564,,,,
,C80A1400T25,80,14.0,(ว่าง),,1,3.5896,3.5896,F1,⌀800,0.2564,,,,
,CP0250A08000T02,25,8.0,(ว่าง),,129,0.2696,34.7784,F1,⌀250,0.0337,,,,
,CP0250A08500T02,25,8.5,(ว่าง),,2,0.2864,0.5729,F1,⌀250,0.0337,,,,
,CP0250A11000T02,25,11.0,(ว่าง),,378,0.3707,140.1246,F1,⌀250,0.0337,,,,
,CP0250A12000T02,25,12.0,(ว่าง),,25,0.4044,10.1100,F1,⌀250,0.0337,,,,
,CP0250A13000T02,25,13.0,(ว่าง),,253,0.4381,110.8393,F1,⌀250,0.0337,,,,
,CP0250A17000T02,25,17.0,(ว่าง),,3,0.5729,1.7187,F1,⌀250,0.0337,,,,
,CP0300B08500T02,30,8.5,(ว่าง),,2,0.3842,0.7684,F1,⌀300,0.0452,,,,
,CP0300B11000T02,30,11.0,(ว่าง),,7,0.4972,3.4804,F1,⌀300,0.0452,,,,
,CP0300B13000T02,30,13.0,(ว่าง),,2,0.5876,1.1752,F1,⌀300,0.0452,,,,
,CP0300B15000T02,30,15.0,(ว่าง),,106,0.6780,71.8680,F1,⌀300,0.0452,,,,
,CP0300B17000T02,30,17.0,(ว่าง),,5,0.7684,3.8420,F1,⌀300,0.0452,,,,
,CP0350B08000T02,35,8.0,(ว่าง),,167,0.4656,77.7552,F1,⌀350,0.0582,,,,
,CP0350B08500T02,35,8.5,(ว่าง),,2,0.4947,0.9894,F1,⌀350,0.0582,,,,
,CP0350B17000T02,35,17.0,(ว่าง),,2,0.9894,1.9788,F1,⌀350,0.0582,,,,
,CP0400A08000T02,40,8.0,(ว่าง),,3,0.6128,1.8384,F1,⌀400,0.0766,,,,
,CP0400A08500T02,40,8.5,(ว่าง),,2,0.6511,1.3022,F1,⌀400,0.0766,,,,
,CP0400A11000T02,40,11.0,(ว่าง),,213,0.8426,179.4738,F1,⌀400,0.0766,,,,
,CP0400A12000T02,40,12.0,(ว่าง),,111,0.9192,102.0312,F1,⌀400,0.0766,,,,
,CP0400A13000T02,40,13.0,(ว่าง),,40,0.9958,39.8320,F1,⌀400,0.0766,,,,
,CP0450A08500T02,45,8.5,(ว่าง),,2,0.7905,1.5810,F1,⌀450,0.093,,,,
,CP0450A11000T02,45,11.0,(ว่าง),,148,1.0230,151.4040,F1,⌀450,0.093,,,,
,CP0450A12000T02,45,12.0,(ว่าง),,33,1.1160,36.8280,F1,⌀450,0.093,,,,
,CP0450A13000T02,45,13.0,(ว่าง),,3,1.2090,3.6270,F1,⌀450,0.093,,,,
,CP0450A14000T02,45,14.0,(ว่าง),,29,1.3020,37.7580,F1,⌀450,0.093,,,,
,CP0450A17000T02,45,17.0,(ว่าง),,3,1.5810,4.7430,F1,⌀450,0.093,,,,
,CP0500A13000T02,50,13.0,(ว่าง),,174,1.5067,262.1658,F1,⌀500,0.1159,,,,
,CP0500A14000T02,50,14.0,(ว่าง),,111,1.6226,180.1086,F1,⌀500,0.1159,,,,
,CP0500A16000T02,50,16.0,(ว่าง),,18,1.8544,33.3792,F1,⌀500,0.1159,,,,
,CP0600A08500T02,60,8.5,(ว่าง),,2,1.3353,2.6707,F1,⌀600,0.1571,,,,
,CP0600A11000T02,60,11.0,(ว่าง),,304,1.7281,525.3424,F1,⌀600,0.1571,,,,
,CP0600A12000T02,60,12.0,(ว่าง),,218,1.8852,410.9736,F1,⌀600,0.1571,,,,
,CP0600A13000T02,60,13.0,(ว่าง),,7,2.0423,14.2961,F1,⌀600,0.1571,,,,
,D20A0600E73039801,20,6.0,(ว่าง),,1,0.6000,0.6000,F1,D20,0.1,,,,
,D20A0900E73028101,20,9.0,(ว่าง),,1,0.9000,0.9000,F1,D20,0.1,,,,
,D25A1500E73038101,25,15.0,(ว่าง),,1,1.8750,1.8750,F1,D25,0.125,,,,
,D35A1200E73032301,35,12.0,(ว่าง),,4,0.8796,3.5184,F1,D35,0.0733,,,,
,G30A0491P00,30,4.91,(ว่าง),,17,0.2509,4.2653,F1,G30,0.0511,,,,
,I22B0700T02,22,7.0,(ว่าง),,1,0.2541,0.2541,F1,I22,0.0363,,,,
,I22B0900T02,22,9.0,(ว่าง),,1,0.3267,0.3267,F1,I22,0.0363,,,,
,I22B1000T02,22,10.0,(ว่าง),,4,0.3630,1.4520,F1,I22,0.0363,,,,
,I22B1050T02,22,10.5,(ว่าง),,20,0.3811,7.6230,F1,I22,0.0363,,,,
,I22B1200T02,22,12.0,(ว่าง),,46,0.4356,20.0376,F1,I22,0.0363,,,,
,I22B1300T02,22,13.0,(ว่าง),,18,0.4719,8.4942,F1,I22,0.0363,,,,
,I22D0700S02,22,7.0,(ว่าง),,4,0.2702,1.0808,F1,I22,0.0386,,,,
,I22D1000S02,22,10.0,(ว่าง),,66,0.3860,25.4760,F1,I22,0.0386,,,,
,I22D1000S52019302,22,10.0,(ว่าง),,1,0.3860,0.3860,F1,I22,0.0386,,,,
,I22D1050S02,22,10.5,(ว่าง),,226,0.4053,91.5978,F1,I22,0.0386,,,,
,I22D1100S02,22,11.0,(ว่าง),,9,0.4246,3.8214,F1,I22,0.0386,,,,
,I22D1300S02,22,13.0,(ว่าง),,19,0.5018,9.5342,F1,I22,0.0386,,,,
,I22D1400S02,22,14.0,(ว่าง),,1,0.5404,0.5404,F1,I22,0.0386,,,,
,I26A1100P00,26,11.0,(ว่าง),,4,0.4950,1.9800,F1,I26,0.045,,,,
,I26A1350E01021801,26,13.5,(ว่าง),,1,0.6075,0.6075,F1,I26,0.045,,,,
,I26A1350P51004601,26,13.5,(ว่าง),,1,0.6075,0.6075,F1,I26,0.045,,,,
,I26B1050T02,26,10.5,(ว่าง),,1,0.4967,0.4967,F1,I26,0.0473,,,,
,I26B1500E00032201,26,15.0,(ว่าง),,1,0.7095,0.7095,F1,I26,0.0473,,,,
,I26C1000S02,26,10.0,(ว่าง),,10,0.4730,4.7300,F1,I26,0.0473,,,,
,I26D0800S02,26,8.0,(ว่าง),,154,0.3912,60.2448,F1,I26,0.0489,,,,
,I26D0900S02,26,9.0,(ว่าง),,12,0.4401,5.2812,F1,I26,0.0489,,,,
,I26D1000S02,26,10.0,(ว่าง),,16,0.4890,7.8240,F1,I26,0.0489,,,,
,I26D1000T02,26,10.0,(ว่าง),,4,0.4890,1.9560,F1,I26,0.0489,,,,
,I26D1050S02,26,10.5,(ว่าง),,82,0.5134,42.1029,F1,I26,0.0489,,,,
,I26D1300S02,26,13.0,(ว่าง),,24,0.6357,15.2568,F1,I26,0.0489,,,,
,I30A1000P01,30,10.0,(ว่าง),,2,0.5650,1.1300,F1,I30,0.0565,,,,
,I30A1050P51014401,30,10.5,(ว่าง),,4,0.5933,2.3730,F1,I30,0.0565,,,,
,I30A1550P00,30,15.5,(ว่าง),,1,0.8758,0.8758,F1,I30,0.0565,,,,
,I30B0800T02,30,8.0,(ว่าง),,38,0.5280,20.0640,F1,I30,0.066,,,,
,I30B1000T00,30,10.0,(ว่าง),,2,0.6600,1.3200,F1,I30,0.066,,,,
,I30B1250T02,30,12.5,(ว่าง),,1,0.8250,0.8250,F1,I30,0.066,,,,
,I30B1300E50007001,30,13.0,(ว่าง),,3,0.8580,2.5740,F1,I30,0.066,,,,
,I30B1700T00,30,17.0,(ว่าง),,18,1.1220,20.1960,F1,I30,0.066,,,,
,I30B2200T50027901,30,22.0,(ว่าง),,2,1.4520,2.9040,F1,I30,0.066,,,,
,I30D1050S02,30,10.5,(ว่าง),,1,0.6930,0.6930,F1,I30,0.066,,,,
,I30D1050T02,30,10.5,(ว่าง),,2,0.6930,1.3860,F1,I30,0.066,,,,
,I30D1100S02,30,11.0,(ว่าง),,116,0.7260,84.2160,F1,I30,0.066,,,,
,I30D1150S02,30,11.5,(ว่าง),,1,0.7590,0.7590,F1,I30,0.066,,,,
,I30D1200S02,30,12.0,(ว่าง),,100,0.7920,79.2000,F1,I30,0.066,,,,
,I35A0700P01,35,7.0,(ว่าง),,1,0.5656,0.5656,F1,I35,0.0808,,,,
,I35A0800T02,35,8.0,(ว่าง),,1,0.6464,0.6464,F1,I35,0.0808,,,,
,I35A0850P01,35,8.5,(ว่าง),,1,0.6868,0.6868,F1,I35,0.0808,,,,
,I35A0900P01,35,9.0,(ว่าง),,1,0.7272,0.7272,F1,I35,0.0808,,,,
,I35A1050P01,35,10.5,(ว่าง),,3,0.8484,2.5452,F1,I35,0.0808,,,,
,I35A1050T02,35,10.5,(ว่าง),,6,0.8484,5.0904,F1,I35,0.0808,,,,
,I35A1100P50011001,35,11.0,(ว่าง),,1,0.8888,0.8888,F1,I35,0.0808,,,,
,I35A1450P00,35,14.5,(ว่าง),,1,1.1716,1.1716,F1,I35,0.0808,,,,
,I35A1600T50007102,35,16.0,(ว่าง),,1,1.2928,1.2928,F1,I35,0.0808,,,,
,I35A1700T02,35,17.0,(ว่าง),,1,1.3736,1.3736,F1,I35,0.0808,,,,
,I35A1800E50023301,35,18.0,(ว่าง),,1,1.4544,1.4544,F1,I35,0.0808,,,,
,I35A1800P00,35,18.0,(ว่าง),,2,1.4544,2.9088,F1,I35,0.0808,,,,
,I35A2000P00,35,20.0,(ว่าง),,6,1.6160,9.6960,F1,I35,0.0808,,,,
,I35A2400P00,35,24.0,(ว่าง),,1,1.9392,1.9392,F1,I35,0.0808,,,,
,I35B1000T52012901,35,10.0,(ว่าง),,10,0.8800,8.8000,F1,I35,0.088,,,,
,I35B1050P00,35,10.5,(ว่าง),,1,0.9240,0.9240,F1,I35,0.088,,,,
,I35B1100E53030601,35,11.0,(ว่าง),,1,0.9680,0.9680,F1,I35,0.088,,,,
,I35B1200T02,35,12.0,(ว่าง),,6,1.0560,6.3360,F1,I35,0.088,,,,
,I35B1300T02,35,13.0,(ว่าง),,8,1.1440,9.1520,F1,I35,0.088,,,,
,I35B1700T02,35,17.0,(ว่าง),,10,1.4960,14.9600,F1,I35,0.088,,,,
,I35B2200T50027901,35,22.0,(ว่าง),,1,1.9360,1.9360,F1,I35,0.088,,,,
,I35B2500T00,35,25.0,(ว่าง),,1,2.2000,2.2000,F1,I35,0.088,,,,
,I35C1600E02040701,35,16.0,(ว่าง),,3,1.3408,4.0224,F1,I35,0.0838,,,,
,I35C1600E53040702,35,16.0,(ว่าง),,1,1.3408,1.3408,F1,I35,0.0838,,,,
,I35D0900S02,35,9.0,(ว่าง),,3,0.7920,2.3760,F1,I35,0.088,,,,
,I35D1000S02,35,10.0,(ว่าง),,5,0.8800,4.4000,F1,I35,0.088,,,,
,I35D1150S02,35,11.5,(ว่าง),,2,1.0120,2.0240,F1,I35,0.088,,,,
,I35D1300S02,35,13.0,(ว่าง),,5,1.1440,5.7200,F1,I35,0.088,,,,
,I35D1600S00,35,16.0,(ว่าง),,1,1.4080,1.4080,F1,I35,0.088,,,,
,I40A0800T02,40,8.0,(ว่าง),,2,0.9880,1.9760,F1,I40,0.1235,,,,
,I40A0950E01036701,40,9.5,(ว่าง),,2,1.1732,2.3465,F1,I40,0.1235,,,,
,I40A1000T02,40,10.0,(ว่าง),,1,1.2350,1.2350,F1,I40,0.1235,,,,
,I40A1100T02,40,11.0,(ว่าง),,2,1.3585,2.7170,F1,I40,0.1235,,,,
,I40A1600E50013701,40,16.0,(ว่าง),,1,1.9760,1.9760,F1,I40,0.1235,,,,
,I40A1600T00,40,16.0,(ว่าง),,1,1.9760,1.9760,F1,I40,0.1235,,,,
,I40A1800P01,40,18.0,(ว่าง),,2,2.2230,4.4460,F1,I40,0.1235,,,,
,I40A2100T00,40,21.0,(ว่าง),,11,2.5935,28.5285,F1,I40,0.1235,,,,
,I40A2300T00,40,23.0,(ว่าง),,1,2.8405,2.8405,F1,I40,0.1235,,,,
,I40B1300P51,40,13.0,(ว่าง),,1,1.6575,1.6575,F1,I40,0.1275,,,,
,I40B1350P01,40,13.5,(ว่าง),,1,1.7212,1.7212,F1,I40,0.1275,,,,
,I40B1400P52,40,14.0,(ว่าง),,1,1.7850,1.7850,F1,I40,0.1275,,,,
,I40D0700S02,40,7.0,(ว่าง),,2,0.8680,1.7360,F1,I40,0.124,,,,
,I40D0800S02,40,8.0,(ว่าง),,12,0.9920,11.9040,F1,I40,0.124,,,,
,I40D0900S02,40,9.0,(ว่าง),,19,1.1160,21.2040,F1,I40,0.124,,,,
,I40D0900T52020101,40,9.0,(ว่าง),,20,1.1160,22.3200,F1,I40,0.124,,,,
,I40D1150T02,40,11.5,(ว่าง),,27,1.4260,38.5020,F1,I40,0.124,,,,
,I40D1200S02,40,12.0,(ว่าง),,10,1.4880,14.8800,F1,I40,0.124,,,,
,I40D1250S52007602,40,12.5,(ว่าง),,4,1.5500,6.2000,F1,I40,0.124,,,,
,I45A1300P01,45,13.0,(ว่าง),,1,1.8915,1.8915,F1,I45,0.1455,,,,
,I45A1300P51013001,45,13.0,(ว่าง),,1,1.8915,1.8915,F1,I45,0.1455,,,,
,I45A2100E54004502,45,21.0,(ว่าง),,4,3.0555,12.2220,F1,I45,0.1455,,,,
,I45B1800T02,45,18.0,(ว่าง),,3,2.7882,8.3646,F1,I45,0.1549,,,,
,I45B2800T00,45,28.0,(ว่าง),,2,4.3372,8.6744,F1,I45,0.1549,,,,
,I45D0800S02,45,8.0,(ว่าง),,4,1.2392,4.9568,F1,I45,0.1549,,,,
,I45D1250S02,45,12.5,(ว่าง),,1,1.9363,1.9363,F1,I45,0.1549,,,,
,N26A1400E04019401,26,14.0,(ว่าง),,8,0.9464,7.5712,F1,N26,0.0676,,,,
,P16A0295E70022601,16,2.95,(ว่าง),,3,0.4455,1.3363,F1,P16,0.151,,,,
,P16A0500H70,16,5.0,(ว่าง),,2,0.7550,1.5100,F1,P16,0.151,,,,
,P16A0500P70,16,5.0,(ว่าง),,3,0.7550,2.2650,F1,P16,0.151,,,,
,P25A0500E70008401,25,5.0,(ว่าง),,2,1.1750,2.3500,F1,P25,0.235,,,,
,R10A0120E00182101,10,1.2,(ว่าง),,1,0.0600,0.0600,F1,R10,0.05,,,,
,R12A0105E00027301,12,1.05,(ว่าง),,3,0.1260,0.3780,F1,R12,0.12,,,,
,R12A0110E00026301,12,1.1,(ว่าง),,6,0.1320,0.7920,F1,R12,0.12,,,,
,R12A0130P00,12,1.3,(ว่าง),,1,0.1560,0.1560,F1,R12,0.12,,,,
,R12F0200E00025401,12,2.0,(ว่าง),,10,0.3250,3.2500,F1,R12,0.1625,,,,
,R12N0100E00005701,12,1.0,(ว่าง),,39,0.1440,5.6160,F1,R12,0.144,,,,
,R14A0200E00017302,14,2.0,(ว่าง),,47,0.3500,16.4500,F1,R14,0.175,,,,
,S16A0500T00,16,5.0,(ว่าง),,1,0.1280,0.1280,F1,S16,0.0256,,,,
,S16A0600T00,16,6.0,(ว่าง),,5,0.1536,0.7680,F1,S16,0.0256,,,,
,S18A0800P01,18,8.0,(ว่าง),,4,0.2592,1.0368,F1,S18,0.0324,,,,
,S18A1200P00,18,12.0,(ว่าง),,1,0.3888,0.3888,F1,S18,0.0324,,,,
,S20A0900T02,20,9.0,(ว่าง),,1,0.3600,0.3600,F1,S20,0.04,,,,
,S20A1000P00,20,10.0,(ว่าง),,1,0.4000,0.4000,F1,S20,0.04,,,,
,S20A1000T50020701,20,10.0,(ว่าง),,21,0.4000,8.4000,F1,S20,0.04,,,,
,S20A1200T00,20,12.0,(ว่าง),,1,0.4800,0.4800,F1,S20,0.04,,,,
,S20A1200T55042301,20,12.0,(ว่าง),,1,0.4800,0.4800,F1,S20,0.04,,,,
,S22A0800P50040301,22,8.0,(ว่าง),,2,0.3872,0.7744,F1,S22,0.0484,,,,
,S22A1000S02,22,10.0,(ว่าง),,1,0.4840,0.4840,F1,S22,0.0484,,,,
,S22A1050T02,22,10.5,(ว่าง),,1,0.5082,0.5082,F1,S22,0.0484,,,,
,S22A1100S02,22,11.0,(ว่าง),,2,0.5324,1.0648,F1,S22,0.0484,,,,
,S22A1250S02,22,12.5,(ว่าง),,3,0.6050,1.8150,F1,S22,0.0484,,,,
,S22A1400T54045801,22,14.0,(ว่าง),,1,0.6776,0.6776,F1,S22,0.0484,,,,
,S22A1800T22,22,18.0,(ว่าง),,3,0.8712,2.6136,F1,S22,0.0484,,,,
,S26A0750T02,26,7.5,(ว่าง),,1,0.5070,0.5070,F1,S26,0.0676,,,,
,S26A0800S02,26,8.0,(ว่าง),,18,0.5408,9.7344,F1,S26,0.0676,,,,
,S26A1000S02,26,10.0,(ว่าง),,50,0.6760,33.8000,F1,S26,0.0676,,,,
,S26A1050S02,26,10.5,(ว่าง),,1,0.7098,0.7098,F1,S26,0.0676,,,,
,S26A1050T02,26,10.5,(ว่าง),,1,0.7098,0.7098,F1,S26,0.0676,,,,
,S26A1250S02,26,12.5,(ว่าง),,2,0.8450,1.6900,F1,S26,0.0676,,,,
,S26A1400E54019401,26,14.0,(ว่าง),,34,0.9464,32.1776,F1,S26,0.0676,,,,
,S26A2100T00,26,21.0,(ว่าง),,1,1.4196,1.4196,F1,S26,0.0676,,,,
,S30A0800T22,30,8.0,(ว่าง),,1,0.7200,0.7200,F1,S30,0.09,,,,
,S30A0900S02,30,9.0,(ว่าง),,2,0.8100,1.6200,F1,S30,0.09,,,,
,S30A0900T24,30,9.0,(ว่าง),,2,0.8100,1.6200,F1,S30,0.09,,,,
,S30A1000S02,30,10.0,(ว่าง),,3,0.9000,2.7000,F1,S30,0.09,,,,
,S30A1200S02,30,12.0,(ว่าง),,2,1.0800,2.1600,F1,S30,0.09,,,,
,S30A1600T02,30,16.0,(ว่าง),,1,1.4400,1.4400,F1,S30,0.09,,,,
,S30A1600T50005601,30,16.0,(ว่าง),,2,1.4400,2.8800,F1,S30,0.09,,,,
,S30A1800P00,30,18.0,(ว่าง),,1,1.6200,1.6200,F1,S30,0.09,,,,
,S30A1800P50027101,30,18.0,(ว่าง),,1,1.6200,1.6200,F1,S30,0.09,,,,
,S30A1850T54029901,30,18.5,(ว่าง),,1,1.6650,1.6650,F1,S30,0.09,,,,
,S30A1900T00,30,19.0,(ว่าง),,1,1.7100,1.7100,F1,S30,0.09,,,,
,S30A2400P00,30,24.0,(ว่าง),,7,2.1600,15.1200,F1,S30,0.09,,,,
,S35A0750E55034501,35,7.5,(ว่าง),,2,0.9187,1.8375,F1,S35,0.1225,,,,
,S35A1000S02,35,10.0,(ว่าง),,5,1.2250,6.1250,F1,S35,0.1225,,,,
,S35A1050T02,35,10.5,(ว่าง),,1,1.2862,1.2862,F1,S35,0.1225,,,,
,S35A1300P01,35,13.0,(ว่าง),,2,1.5925,3.1850,F1,S35,0.1225,,,,
,S35A1350S02,35,13.5,(ว่าง),,3,1.6538,4.9612,F1,S35,0.1225,,,,
,S35A1450P02,35,14.5,(ว่าง),,1,1.7762,1.7762,F1,S35,0.1225,,,,
,S35A1800T50003603,35,18.0,(ว่าง),,1,2.2050,2.2050,F1,S35,0.1225,,,,
,S35A1800T50025101,35,18.0,(ว่าง),,4,2.2050,8.8200,F1,S35,0.1225,,,,
,S35A1850P01,35,18.5,(ว่าง),,4,2.2662,9.0650,F1,S35,0.1225,,,,
,S35A1900T00,35,19.0,(ว่าง),,3,2.3275,6.9825,F1,S35,0.1225,,,,
,S35A2100S50017901,35,21.0,(ว่าง),,1,2.5725,2.5725,F1,S35,0.1225,,,,
,S35A2100T00,35,21.0,(ว่าง),,1,2.5725,2.5725,F1,S35,0.1225,,,,
,S35A2250S00,35,22.5,(ว่าง),,1,2.7563,2.7563,F1,S35,0.1225,,,,
,S35A2300P00,35,23.0,(ว่าง),,2,2.8175,5.6350,F1,S35,0.1225,,,,
,S35A2400T00,35,24.0,(ว่าง),,1,2.9400,2.9400,F1,S35,0.1225,,,,
,S40A0700T02,40,7.0,(ว่าง),,1,1.1200,1.1200,F1,S40,0.16,,,,
,S40A0700T54024401,40,7.0,(ว่าง),,1,1.1200,1.1200,F1,S40,0.16,,,,
,S40A0850S02,40,8.5,(ว่าง),,1,1.3600,1.3600,F1,S40,0.16,,,,
,S40A0900E22025101,40,9.0,(ว่าง),,2,1.4400,2.8800,F1,S40,0.16,,,,
,S40A0900T05,40,9.0,(ว่าง),,6,1.4400,8.6400,F1,S40,0.16,,,,
,S40A0950S02,40,9.5,(ว่าง),,1,1.5200,1.5200,F1,S40,0.16,,,,
,S40A1000S02,40,10.0,(ว่าง),,10,1.6000,16.0000,F1,S40,0.16,,,,
,S40A1050S02,40,10.5,(ว่าง),,9,1.6800,15.1200,F1,S40,0.16,,,,
,S40A1300T02,40,13.0,(ว่าง),,3,2.0800,6.2400,F1,S40,0.16,,,,
,S40A1300T52007501,40,13.0,(ว่าง),,2,2.0800,4.1600,F1,S40,0.16,,,,
,S40A1500E50029501,40,15.0,(ว่าง),,2,2.4000,4.8000,F1,S40,0.16,,,,
,S40A1500E55008501,40,15.0,(ว่าง),,1,2.4000,2.4000,F1,S40,0.16,,,,
,S40A1600P05,40,16.0,(ว่าง),,1,2.5600,2.5600,F1,S40,0.16,,,,
,S40A1700P00,40,17.0,(ว่าง),,3,2.7200,8.1600,F1,S40,0.16,,,,
,S40A1800T05,40,18.0,(ว่าง),,2,2.8800,5.7600,F1,S40,0.16,,,,
,S40A1900T54021201,40,19.0,(ว่าง),,3,3.0400,9.1200,F1,S40,0.16,,,,
,S40A2100H50022201,40,21.0,(ว่าง),,7,3.3600,23.5200,F1,S40,0.16,,,,
,S40A2100T04,40,21.0,(ว่าง),,1,3.3600,3.3600,F1,S40,0.16,,,,
,S40A2200P00,40,22.0,(ว่าง),,1,3.5200,3.5200,F1,S40,0.16,,,,
,S40A2200T00,40,22.0,(ว่าง),,4,3.5200,14.0800,F1,S40,0.16,,,,
,S40A2300T04,40,23.0,(ว่าง),,1,3.6800,3.6800,F1,S40,0.16,,,,
,S40A2400P00,40,24.0,(ว่าง),,1,3.8400,3.8400,F1,S40,0.16,,,,
,S40A2500T50005602,40,25.0,(ว่าง),,1,4.0000,4.0000,F1,S40,0.16,,,,
,S45A0900E04034901,45,9.0,(ว่าง),,1,1.8225,1.8225,F1,S45,0.2025,,,,
,S45A1000S05,45,10.0,(ว่าง),,5,2.0250,10.1250,F1,S45,0.2025,,,,
,S45A1200P00,45,12.0,(ว่าง),,1,2.4300,2.4300,F1,S45,0.2025,,,,
,S45A1500S02,45,15.0,(ว่าง),,7,3.0375,21.2625,F1,S45,0.2025,,,,
,S45A1500T02,45,15.0,(ว่าง),,1,3.0375,3.0375,F1,S45,0.2025,,,,
,S45A1700P00,45,17.0,(ว่าง),,42,3.4425,144.5850,F1,S45,0.2025,,,,
,S45A1800T02,45,18.0,(ว่าง),,3,3.6450,10.9350,F1,S45,0.2025,,,,
,S45A2800T22,45,28.0,(ว่าง),,3,5.6700,17.0100,F1,S45,0.2025,,,,
,S50A1800E55038801,50,18.0,(ว่าง),,1,4.5000,4.5000,F1,S50,0.25,,,,
,S52A0700S25,52,7.0,(ว่าง),,2,1.9292,3.8584,F1,S52.5,0.2756,,,,
เสากลม,C25A0500E02006201,25,5.0,(ว่าง),,2,0.1685,0.3370,F2,⌀250,337,2021,5,,
เสากลม,C25A0500E22006201,25,5.0,(ว่าง),,3,0.1685,0.5055,F2,⌀250,337,2021,5,,
เสากลม,C25A0500T00,25,5.0,(ว่าง),,1,0.1685,0.1685,F2,⌀250,337,2021,5,,
เสากลม,C25A0600T00,25,6.0,(ว่าง),,1,0.2022,0.2022,F2,⌀250,337,2019,7,,
เสากลม,C25A0700E22005001,25,7.0,(ว่าง),,3,0.2359,0.7077,F2,⌀250,337,2013,13,เสาสัญญาณ ,
เสากลม,C25A0700E22010401,25,7.0,(ว่าง),,9,0.2359,2.1231,F2,⌀250,337,2020,6,,
เสากลม,C25A0700E22027001,25,7.0,(ว่าง),,1,0.2359,0.2359,F2,⌀250,337,2019,7,,
เสากลม,C25A0800T00,25,8.0,(ว่าง),,1,0.2696,0.2696,F2,⌀250,337,2006,20,,
เสากลม,C25A0800T02,25,8.0,(ว่าง),,8,0.2696,2.1568,F2,⌀250,337,2021,5,,
เสากลม,C25A0900T02,25,9.0,(ว่าง),,2,0.3033,0.6066,F2,⌀250,337,2021,5,,
เสากลม,C25A0900T22,25,9.0,(ว่าง),,2,0.3033,0.6066,F2,⌀250,337,2017,9,,
เสากลม,C25A1000T02,25,10.0,(ว่าง),,1,0.3370,0.3370,F2,⌀250,337,2015,11,,
เสากลม,C25A1100T02,25,11.0,(ว่าง),,5,0.3707,1.8535,F2,⌀250,337,2021,5,,
เสากลม,C25A1100T22,25,11.0,(ว่าง),,20,0.3707,7.4140,F2,⌀250,337,2018,8,,
เสากลม,C25A1200T00,25,12.0,(ว่าง),,1,0.4044,0.4044,F2,⌀250,337,2019,7,,
เสากลม,C25A1200T02,25,12.0,(ว่าง),,18,0.4044,7.2792,F2,⌀250,337,2021,5,,
เสากลม,C25A1300T00,25,13.0,(ว่าง),,2,0.4381,0.8762,F2,⌀250,337,2011,15,,
เสากลม,C25A1300T02,25,13.0,(ว่าง),,7,0.4381,3.0667,F2,⌀250,337,2021,5,,
เสากลม,C25A1400T02,25,14.0,(ว่าง),,1,0.4718,0.4718,F2,⌀250,337,2019,7,,
เสากลม,C30B0150E02027001,30,1.5,(ว่าง),,2,0.0678,0.1356,F2,⌀300,452,2019,7,,
เสากลม,C30B0150E22027001,30,1.5,(ว่าง),,15,0.0678,1.0170,F2,⌀300,452,2019,7,,
เสากลม,C30B0600E22036701,30,6.0,(ว่าง),,1,0.2712,0.2712,F2,⌀300,452,2019,7,,
เสากลม,C30B0600T02,30,6.0,(ว่าง),,1,0.2712,0.2712,F2,⌀300,452,2019,7,,
เสากลม,C30B0700E22005001,30,7.0,(ว่าง),,3,0.3164,0.9492,F2,⌀300,452,2013,13,เสาสัญญาณ ,
เสากลม,C30B0700T00,30,7.0,(ว่าง),,1,0.3164,0.3164,F2,⌀300,452,2017,9,,
เสากลม,C30B0700T02,30,7.0,(ว่าง),,2,0.3164,0.6328,F2,⌀300,452,2021,5,,
เสากลม,C30B0800E22,30,8.0,(ว่าง),,2,0.3616,0.7232,F2,⌀300,452,2019,7,,
เสากลม,C30B0800E22007701,30,8.0,(ว่าง),,1,0.3616,0.3616,F2,⌀300,452,2019,7,,
เสากลม,C30B0800E22051401,30,8.0,(ว่าง),,1,0.3616,0.3616,F2,⌀300,452,2019,7,,
เสากลม,C30B0800T00(T02),30,8.0,(ว่าง),,3,0.3616,1.0848,F2,⌀300,452,2021,5,,
เสากลม,C30B0800T02,30,8.0,(ว่าง),,1,0.3616,0.3616,F2,⌀300,452,2021,5,,
เสากลม,C30B0850T02,30,8.5,(ว่าง),,1,0.3842,0.3842,F2,⌀300,452,2013,13,,
เสากลม,C30B0900E22,30,9.0,(ว่าง),,2,0.4068,0.8136,F2,⌀300,452,2020,6,,
เสากลม,C30B0900T00,30,9.0,(ว่าง),,2,0.4068,0.8136,F2,⌀300,452,2017,9,,
เสากลม,C30B0900T02,30,9.0,(ว่าง),,5,0.4068,2.0340,F2,⌀300,452,2021,5,,
เสากลม,C30B1000T00,30,10.0,(ว่าง),,4,0.4520,1.8080,F2,⌀300,452,2019,7,,
เสากลม,C30B1100T00,30,11.0,(ว่าง),,4,0.4972,1.9888,F2,⌀300,452,2020,6,,
เสากลม,C30B1100T02,30,11.0,(ว่าง),,7,0.4972,3.4804,F2,⌀300,452,2021,5,,
เสากลม,C30B1100T22,30,11.0,(ว่าง),,2,0.4972,0.9944,F2,⌀300,452,2019,7,,
เสากลม,C30B1200T00,30,12.0,(ว่าง),,1,0.5424,0.5424,F2,⌀300,452,2018,8,,
เสากลม,C30B1200T02,30,12.0,(ว่าง),,2,0.0542,0.1085,F2,⌀300,452,2025,1,Joint เก่าใช้ให้หมด,
เสากลม,C30B1300T00,30,13.0,(ว่าง),,4,0.5876,2.3504,F2,⌀300,452,2019,7,,
เสากลม,C30B1300T02,30,13.0,(ว่าง),,18,0.5876,10.5768,F2,⌀300,452,2020,6,,
เสากลม,C30B1400E02(E25),30,14.0,(ว่าง),,1,0.6328,0.6328,F2,⌀300,452,2012,14,,
เสากลม,C30B1400T00,30,14.0,(ว่าง),,1,0.6328,0.6328,F2,⌀300,452,2021,5,,
เสากลม,C30B1400T02,30,14.0,(ว่าง),,3,0.6328,1.8984,F2,⌀300,452,2021,5,,
เสากลม,C30B1500T00,30,15.0,(ว่าง),,1,0.6780,0.6780,F2,⌀300,452,2020,6,,
เสากลม,C30B1500T02,30,15.0,(ว่าง),,8,0.6780,5.4240,F2,⌀300,452,2021,5,,
เสากลม,C30B1600T00,30,16.0,(ว่าง),,1,0.7232,0.7232,F2,⌀300,452,2020,6,,
เสากลม,C30B1600T02,30,16.0,(ว่าง),,6,0.7232,4.3392,F2,⌀300,452,2021,5,,
เสากลม,C30B1700T00,30,17.0,(ว่าง),,1,0.7684,0.7684,F2,⌀300,452,2021,5,,
เสากลม,C30B1700T02,30,17.0,(ว่าง),,2,0.7684,1.5368,F2,⌀300,452,2019,7,,
เสากลม,C30B1800E00,30,18.0,(ว่าง),,3,0.8136,2.4408,F2,⌀300,452,2020,6,,
เสากลม,C35B0200T02,35,2.0,(ว่าง),,28,0.1164,3.2592,F2,⌀350,582,2017,9,,
เสากลม,C35B0400T02,35,4.0,(ว่าง),,19,0.2328,4.4232,F2,⌀350,582,2017,9,,
เสากลม,C35B0850T00,35,8.5,(ว่าง),,2,0.4947,0.9894,F2,⌀350,582,2007,19,,
เสากลม,C35B0850T02,35,8.5,(ว่าง),,1,0.4947,0.4947,F2,⌀350,582,2007,19,,
เสากลม,C35B0900E22,35,9.0,(ว่าง),,5,0.5238,2.6190,F2,⌀350,582,2020,6,,
เสากลม,C35B1000T02,35,10.0,(ว่าง),,1,0.5820,0.5820,F2,⌀350,582,2019,7,,
เสากลม,C35B1100T02,35,11.0,(ว่าง),,9,0.6402,5.7618,F2,⌀350,582,2021,5,,
เสากลม,C35B1200T00,35,12.0,(ว่าง),,1,0.6984,0.6984,F2,⌀350,582,2020,6,,
เสากลม,C35B1300T02,35,13.0,(ว่าง),,2,0.7566,1.5132,F2,⌀350,582,2021,5,,
เสากลม,C35B1300T22,35,13.0,(ว่าง),,1,0.7566,0.7566,F2,⌀350,582,2016,10,,
เสากลม,C35B1400T02,35,14.0,(ว่าง),,2,0.8148,1.6296,F2,⌀350,582,2021,5,,
เสากลม,C35B1500T02,35,15.0,(ว่าง),,1,0.8730,0.8730,F2,⌀350,582,2019,7,,
เสากลม,C35B1600T00,35,16.0,(ว่าง),,1,0.9312,0.9312,F2,⌀350,582,2019,7,,
เสากลม,C35B1700T00,35,17.0,(ว่าง),,3,0.9894,2.9682,F2,⌀350,582,2019,7,,
เสากลม,C35B1700T02,35,17.0,(ว่าง),,3,0.9894,2.9682,F2,⌀350,582,2019,7,,
เสากลม,C40A0300E02027001,40,3.0,(ว่าง),,25,0.2298,5.7450,F2,⌀400,766,2018,8,,
เสากลม,C40A0300E22027001,40,3.0,(ว่าง),,121,0.2298,27.8058,F2,⌀400,766,2018,8,,
เสากลม,C40A0300T02,40,3.0,(ว่าง),,1,0.2298,0.2298,F2,⌀400,766,2017,9,,
เสากลม,C40A0700T00,40,7.0,(ว่าง),,3,0.5362,1.6086,F2,⌀400,766,2017,9,,
เสากลม,C40A0700T02,40,7.0,(ว่าง),,1,0.5362,0.5362,F2,⌀400,766,2021,5,,
เสากลม,C40A0900T00,40,9.0,(ว่าง),,5,0.6894,3.4470,F2,⌀400,766,2015,11,,
เสากลม,C40A0900T02,40,9.0,(ว่าง),,5,0.6894,3.4470,F2,⌀400,766,2021,5,,
เสากลม,C40A0950T02,40,9.5,(ว่าง),,1,0.7277,0.7277,F2,⌀400,766,2013,13,,
เสากลม,C40A1000T00,40,10.0,(ว่าง),,1,0.7660,0.7660,F2,⌀400,766,2019,7,,
เสากลม,C40A1100E22005001,40,11.0,(ว่าง),,3,0.8426,2.5278,F2,⌀400,766,2013,13,เสาสัญญาณ ,
เสากลม,C40A1100T00,40,11.0,(ว่าง),,15,0.8426,12.6390,F2,⌀400,766,2018,8,,
เสากลม,C40A1100T02,40,11.0,(ว่าง),,5,0.8426,4.2130,F2,⌀400,766,2021,5,,
เสากลม,C40A1100T22,40,11.0,(ว่าง),,1,0.8426,0.8426,F2,⌀400,766,2020,6,,
เสากลม,C40A1200T02,40,12.0,(ว่าง),,3,0.9192,2.7576,F2,⌀400,766,2021,5,,
เสากลม,C40A1200T52048201,40,12.0,(ว่าง),,1,0.9192,0.9192,F2,⌀400,766,2021,5,4DB12มม.3.30ม.,
เสากลม,C40A1300T00,40,13.0,(ว่าง),,2,0.9958,1.9916,F2,⌀400,766,2018,8,,
เสากลม,C40A1300T02,40,13.0,(ว่าง),,5,0.9958,4.9790,F2,⌀400,766,2020,6,,
เสากลม,C40A1400T02,40,14.0,(ว่าง),,22,0.1072,2.3593,F2,⌀400,766,2020,6,,
เสากลม,C40A1600T00,40,16.0,(ว่าง),,3,1.2256,3.6768,F2,⌀400,766,2019,7,,
เสากลม,C40A1650T02,40,16.5,(ว่าง),,1,1.2639,1.2639,F2,⌀400,766,2015,11,,
เสากลม,C40A1700T02,40,17.0,(ว่าง),,1,1.3022,1.3022,F2,⌀400,766,2017,9,,
เสากลม,C40A1800T02,40,18.0,(ว่าง),,1,1.3788,1.3788,F2,⌀400,766,2017,9,,
เสากลม,C40E1100E22,40,11.0,(ว่าง),,1,1.0703,1.0703,F2,⌀400,973,2015,11,,
เสากลม,C40F1800E22,40,18.0,(ว่าง),,2,1.6380,3.2760,F2,⌀400,910,2020,6,,
เสากลม,C45A0700E22005001,45,7.0,(ว่าง),,3,0.6510,1.9530,F2,⌀450,930,2013,13,เสาสัญญาณ ,
เสากลม,C45A0700T00,45,7.0,(ว่าง),,1,0.6510,0.6510,F2,⌀450,930,2002,24,,
เสากลม,C45A0700T02,45,7.0,(ว่าง),,3,0.6510,1.9530,F2,⌀450,930,2020,6,,
เสากลม,C45A0800T02,45,8.0,(ว่าง),,1,0.7440,0.7440,F2,⌀450,930,2020,6,,
เสากลม,C45A0800T22,45,8.0,(ว่าง),,8,0.7440,5.9520,F2,⌀450,930,2017,9,,
เสากลม,C45A0900T02,45,9.0,(ว่าง),,1,0.8370,0.8370,F2,⌀450,930,2020,6,,
เสากลม,C45A1100T00,45,11.0,(ว่าง),,6,1.0230,6.1380,F2,⌀450,930,2017,9,,
เสากลม,C45A1100T02,45,11.0,(ว่าง),,2,1.0230,2.0460,F2,⌀450,930,2020,6,ปูนมารีน,
เสากลม,C45A1100T22,45,11.0,(ว่าง),,2,1.0230,2.0460,F2,⌀450,930,2020,6,,
เสากลม,C45A1200T02,45,12.0,(ว่าง),,2,1.1160,2.2320,F2,⌀450,930,2020,6,,
เสากลม,C45A1200T52048201,45,12.0,(ว่าง),,2,1.1160,2.2320,F2,⌀450,930,2021,5,8DB16มม.6.00ม.,
เสากลม,C45A1300T02,45,13.0,(ว่าง),,1,1.2090,1.2090,F2,⌀450,930,2021,5,,
เสากลม,C45A1400T02,45,14.0,(ว่าง),,6,1.3020,7.8120,F2,⌀450,930,2020,6,,
เสากลม,C45A1500T00,45,15.0,(ว่าง),,2,1.3950,2.7900,F2,⌀450,930,2017,9,,
เสากลม,C45A1600T00,45,16.0,(ว่าง),,1,1.4880,1.4880,F2,⌀450,930,2017,9,,
เสากลม,C45A1600T02,45,16.0,(ว่าง),,1,1.4880,1.4880,F2,⌀450,930,2015,11,,
เสากลม,C45A1900T02,45,19.0,(ว่าง),,1,1.7670,1.7670,F2,⌀450,930,2013,13,,
เสากลม,C50A0700E22027001,50,7.0,(ว่าง),,3,0.8113,2.4339,F2,⌀500,1159,2018,8,,
เสากลม,C50A1200T05,50,12.0,(ว่าง),,2,1.3908,2.7816,F2,⌀500,1159,2014,12,DBด้านSHOE,
เสากลม,C50A1300T02(T25),50,13.0,(ว่าง),,1,1.5067,1.5067,F2,⌀500,1159,2021,5,,
เสากลม,C50A1300T25,50,13.0,(ว่าง),,9,1.5067,13.5603,F2,⌀500,1159,2021,5,,
เสากลม,C50A1400T02,50,14.0,(ว่าง),,3,1.6226,4.8678,F2,⌀500,1159,2021,5,,
เสากลม,C50A1400T25,50,14.0,(ว่าง),,16,1.6226,25.9616,F2,⌀500,1159,2021,5,,
เสากลม,C50A1500E00038401,50,15.0,(ว่าง),,1,1.7385,1.7385,F2,⌀500,1159,2016,10,,
เสากลม,C50A1500T02,50,15.0,(ว่าง),,2,1.7385,3.4770,F2,⌀500,1159,2021,5,,
เสากลม,C50A1500T25016001,50,15.0,(ว่าง),,3,1.7385,5.2155,F2,⌀500,1159,2018,8,,
เสากลม,C50A1600T00,50,16.0,(ว่าง),,1,1.8544,1.8544,F2,⌀500,1159,2020,6,,
เสากลม,C50A1600T02,50,16.0,(ว่าง),,1,1.8544,1.8544,F2,⌀500,1159,2021,5,,
เสากลม,C50A1700E00007401,50,17.0,(ว่าง),,2,1.9703,3.9406,F2,⌀500,1159,2016,10,,
เสากลม,C50A1700T02,50,17.0,(ว่าง),,3,1.9703,5.9109,F2,⌀500,1159,2021,5,,
เสากลม,C50B1500E52020901,50,15.0,(ว่าง),,1,1.8855,1.8855,F2,⌀500,1257,2010,16,6DB25x2.m.,
เสากลม,C60A0600T00,60,6.0,(ว่าง),,9,0.9426,8.4834,F2,⌀600,1571,2005,21,,
เสากลม,C60A0700T02,60,7.0,(ว่าง),,2,1.0997,2.1994,F2,⌀600,1571,2019,7,,
เสากลม,C60A0800T02,60,8.0,(ว่าง),,3,1.2568,3.7704,F2,⌀600,1571,2021,5,,
เสากลม,C60A0900T50015001,60,9.0,(ว่าง),,1,1.4139,1.4139,F2,⌀600,1571,2011,15,17DB16x3m.,
เสากลม,C60A1100T00,60,11.0,(ว่าง),,2,1.7281,3.4562,F2,⌀600,1571,2012,14,,
เสากลม,C60A1100T02,60,11.0,(ว่าง),,6,1.7281,10.3686,F2,⌀600,1571,2021,5,,
เสากลม,C60A1100T25,60,11.0,(ว่าง),,1,1.7281,1.7281,F2,⌀600,1571,2021,5,,
เสากลม,C60A1200H25049401,60,12.0,(ว่าง),,2,1.8852,3.7704,F2,⌀600,1571,2021,5,,
เสากลม,C60A1200T02,60,12.0,(ว่าง),,7,1.8852,13.1964,F2,⌀600,1571,2021,5,,
เสากลม,C60A1200T25,60,12.0,(ว่าง),,1,1.8852,1.8852,F2,⌀600,1571,2021,5,,
เสากลม,C60A1200T52,60,12.0,(ว่าง),,1,1.8852,1.8852,F2,⌀600,1571,2011,15,17DB16x12m.,
เสากลม,C60A1200T52029301,60,12.0,(ว่าง),,1,1.8852,1.8852,F2,⌀600,1571,2020,6,4DB16มม.3.00ม.,
เสากลม,C60A1300H02049401,60,13.0,(ว่าง),,1,2.0423,2.0423,F2,⌀600,1571,2021,5,,
เสากลม,C60A1300T00,60,13.0,(ว่าง),,1,2.0423,2.0423,F2,⌀600,1571,2019,7,,
เสากลม,C60A1300T02,60,13.0,(ว่าง),,9,2.0423,18.3807,F2,⌀600,1571,2021,5,ยกเลิกออเดอร์,
เสากลม,C60A1300T22,60,13.0,(ว่าง),,1,2.0423,2.0423,F2,⌀600,1571,2014,12,,
เสากลม,C60A1300T25,60,13.0,(ว่าง),,5,2.0423,10.2115,F2,⌀600,1571,2020,6,,
เสากลม,C60A1400T52,60,14.0,(ว่าง),,1,2.1994,2.1994,F2,⌀600,1571,2011,15,17DB16x12m.,
เสากลม,C60A1500H02041901,60,15.0,(ว่าง),,1,2.3565,2.3565,F2,⌀600,1571,2017,9,,
เสากลม,C60A1500T00,60,15.0,(ว่าง),,3,2.3565,7.0695,F2,⌀600,1571,2019,7,,
เสากลม,C60A1600T02,60,16.0,(ว่าง),,2,2.5136,5.0272,F2,⌀600,1571,2021,5,,
เสากลม,C60A1600T25,60,16.0,(ว่าง),,2,2.5136,5.0272,F2,⌀600,1571,2018,8,,
เสากลม,C60A1700T00,60,17.0,(ว่าง),,1,2.6707,2.6707,F2,⌀600,1571,2008,18,,
เสากลม,C60A1800T02,60,18.0,(ว่าง),,4,2.8278,11.3112,F2,⌀600,1571,2021,5,,
เสากลม,C60A1800T25,60,18.0,(ว่าง),,1,2.8278,2.8278,F2,⌀600,1571,2021,5,ปูนมารีน,
เสากลม,C60A1900T02,60,19.0,(ว่าง),,1,2.9849,2.9849,F2,⌀600,1571,2013,13,,
เสากลม,C60C1300E02041401,60,13.0,(ว่าง),,1,2.4960,2.4960,F2,⌀600,1920,2015,11,,
เสากลม,C70A0950T02,70,9.5,(ว่าง),,4,1.9371,7.7482,F2,⌀700,2039,2018,8,,
เสากลม,C70A1200T02,70,12.0,(ว่าง),,2,2.4468,4.8936,F2,⌀700,2039,2020,6,,
เสากลม,C70A1500T02,70,15.0,(ว่าง),,9,3.0585,27.5265,F2,⌀700,2039,2018,8,,
เสากลม,C70A1500T02(T25),70,15.0,(ว่าง),,2,3.0585,6.1170,F2,⌀700,2039,2018,8,,
เสากลม,C70A1500T25,70,15.0,(ว่าง),,10,3.0585,30.5850,F2,⌀700,2039,2018,8,,
เสากลม,C70A1600T02,70,16.0,(ว่าง),,3,3.2624,9.7872,F2,⌀700,2039,2018,8,,
เสากลม,C70A1700T25,70,17.0,(ว่าง),,2,3.4663,6.9326,F2,⌀700,2039,2018,8,,
เสากลม,C70A1900T02,70,19.0,(ว่าง),,6,3.8741,23.2446,F2,⌀700,2039,2018,8,,
เสากลม,C70A1900T22,70,19.0,(ว่าง),,1,3.8741,3.8741,F2,⌀700,2039,2018,8,,
เสากลม,C80A0600T02,80,6.0,(ว่าง),,1,1.5384,1.5384,F2,⌀800,2564,2020,6,,
เสากลม,C80A1600T25,80,16.0,(ว่าง),,1,4.1024,4.1024,F2,⌀800,2564,2018,8,,
เสากลม,C80A1700T02,80,17.0,(ว่าง),,2,4.3588,8.7176,F2,⌀800,2564,2021,5,,
เสากลม,C80C1600E22,80,16.0,(ว่าง),,1,4.2432,4.2432,F2,⌀800,2652,2015,11,,
เสากลม,CP0250A05000E03,25,5.0,(ว่าง),,6,0.1685,1.0110,F2,⌀250,337,2022,4,,
เสากลม,CP0250A06000T02,25,6.0,(ว่าง),,1,0.2022,0.2022,F2,⌀250,337,2022,4,,
เสากลม,CP0250A07000E23,25,7.0,(ว่าง),,82,0.2359,19.3438,F2,⌀250,337,2024,2,,
เสากลม,CP0250A07000T02,25,7.0,(ว่าง),,15,0.2359,3.5385,F2,⌀250,337,2025,1,,
เสากลม,CP0250A08000E23,25,8.0,(ว่าง),,2,0.2696,0.5392,F2,⌀250,337,2022,4,,
เสากลม,CP0250A08000T02,25,8.0,(ว่าง),,12,0.2696,3.2352,F2,⌀250,337,2024,2,,
เสากลม,CP0250A08000T52BM,25,8.0,(ว่าง),,2,0.2696,0.5392,F2,⌀250,337,2024,2,2DB12มม.3.50ม.ต่ำจากหัวเสา1.00ม.,
เสากลม,CP0250A08500T02,25,8.5,(ว่าง),,4,0.2864,1.1458,F2,⌀250,337,2021,5,,
เสากลม,CP0250A09000T02,25,9.0,(ว่าง),,37,0.3033,11.2221,F2,⌀250,337,2026,0,,
เสากลม,CP0250A09000T22,25,9.0,(ว่าง),,9,0.3033,2.7297,F2,⌀250,337,2024,2,,
เสากลม,CP0250A09000T50BM,25,9.0,(ว่าง),,16,0.3033,4.8528,F2,⌀250,337,2024,2,2DB12มม.3.50ม.ต่ำจากหัวเสา0.50ม.,
เสากลม,CP0250A09000T50BN,25,9.0,(ว่าง),,2,0.3033,0.6066,F2,⌀250,337,2024,2,2DB12มม.5.50ม.ต่ำจากหัวเสา0.50ม.,
เสากลม,CP0250A09000T52BG,25,9.0,(ว่าง),,2,0.3033,0.6066,F2,⌀250,337,2022,4,6DB12มม.2.00ม.,
เสากลม,CP0250A09000T52BM,25,9.0,(ว่าง),,1,0.3033,0.3033,F2,⌀250,337,2024,2,2DB12มม.3.50ม.ต่ำจากหัวเสา1.00ม.,
เสากลม,CP0250A10000T02,25,10.0,(ว่าง),,9,0.3370,3.0330,F2,⌀250,337,2025,1,,
เสากลม,CP0250A11000T00,25,11.0,(ว่าง),,2,0.3707,0.7414,F2,⌀250,337,2024,2,,
เสากลม,CP0250A11000T02,25,11.0,(ว่าง),,4,0.3707,1.4828,F2,⌀250,337,2025,1,,
เสากลม,CP0250A12000T00,25,12.0,(ว่าง),,4,0.4044,1.6176,F2,⌀250,337,2022,4,,
เสากลม,CP0250A12000T02,25,12.0,(ว่าง),,11,0.4044,4.4484,F2,⌀250,337,2024,2,,
เสากลม,CP0250A13000T02,25,13.0,(ว่าง),,49,0.4381,21.4669,F2,⌀250,337,2023,3,,
เสากลม,CP0250A13000T22,25,13.0,(ว่าง),,3,0.4381,1.3143,F2,⌀250,337,2021,5,,
เสากลม,CP0250A14000T02,25,14.0,(ว่าง),,10,0.4718,4.7180,F2,⌀250,337,2023,3,,
เสากลม,CP0250A15000T00,25,15.0,(ว่าง),,8,0.5055,4.0440,F2,⌀250,337,2025,1,,
เสากลม,CP0250A17000T02,25,17.0,(ว่าง),,3,0.5729,1.7187,F2,⌀250,337,2023,3,,
เสากลม,CP0250A17000T22,25,17.0,(ว่าง),,1,0.5729,0.5729,F2,⌀250,337,2021,5,,
เสากลม,CP0300B01500E33,30,1.5,(ว่าง),,5,0.0678,0.3390,F2,⌀300,452,2023,3,,
เสากลม,CP0300B05000T00,30,5.0,(ว่าง),,1,0.2260,0.2260,F2,⌀300,452,2023,3,เสาโอนจาก CP0300B06000T00,
เสากลม,CP0300B06000T00,30,6.0,(ว่าง),,3,0.2712,0.8136,F2,⌀300,452,2023,3,,
เสากลม,CP0300B07000E23,30,7.0,(ว่าง),,6,0.3164,1.8984,F2,⌀300,452,2025,1,,
เสากลม,CP0300B07000T00,30,7.0,(ว่าง),,1,0.3164,0.3164,F2,⌀300,452,2023,3,เสาโอนจาก CP0300B06000T00,
เสากลม,CP0300B07000T02,30,7.0,(ว่าง),,12,0.3164,3.7968,F2,⌀300,452,2026,0,,
เสากลม,CP0300B08000E23,30,8.0,(ว่าง),,2,0.3616,0.7232,F2,⌀300,452,2022,4,,
เสากลม,CP0300B08000T00,30,8.0,(ว่าง),,16,0.3616,5.7856,F2,⌀300,452,2022,4,,
เสากลม,CP0300B08000T02,30,8.0,(ว่าง),,72,0.3616,26.0352,F2,⌀300,452,2025,1,,
เสากลม,CP0300B08500T02,30,8.5,(ว่าง),,4,0.3842,1.5368,F2,⌀300,452,2021,5,,
เสากลม,CP0300B09000T00,30,9.0,(ว่าง),,15,0.4068,6.1020,F2,⌀300,452,2025,1,,
เสากลม,CP0300B09000T02,30,9.0,(ว่าง),,3,0.4068,1.2204,F2,⌀300,452,2025,1,,
เสากลม,CP0300B11000T00,30,11.0,(ว่าง),,3,0.4972,1.4916,F2,⌀300,452,2026,0,,
เสากลม,CP0300B11000T02,30,11.0,(ว่าง),,134,0.4972,66.6248,F2,⌀300,452,2025,1,,
เสากลม,CP0300B11000T22,30,11.0,(ว่าง),,9,0.4972,4.4748,F2,⌀300,452,2024,2,,
เสากลม,CP0300B12000T02,30,12.0,(ว่าง),,104,0.5424,56.4096,F2,⌀300,452,2026,0,,
เสากลม,CP0300B13000T00,30,13.0,(ว่าง),,1,0.5876,0.5876,F2,⌀300,452,2022,4,,
เสากลม,CP0300B13000T02,30,13.0,(ว่าง),,139,0.5876,81.6764,F2,⌀300,452,2025,1,,
เสากลม,CP0300B14000T02,30,14.0,(ว่าง),,266,0.6328,168.3248,F2,⌀300,452,2025,1,,
เสากลม,CP0300B15000T02,30,15.0,(ว่าง),,29,0.6780,19.6620,F2,⌀300,452,2025,1,,
เสากลม,CP0300B16000T02,30,16.0,(ว่าง),,59,0.7232,42.6688,F2,⌀300,452,2025,1,,
เสากลม,CP0300B17000T00,30,17.0,(ว่าง),,2,0.7684,1.5368,F2,⌀300,452,2021,5,,
เสากลม,CP0300B17000T02,30,17.0,(ว่าง),,122,0.7684,93.7448,F2,⌀300,452,2025,1,,
เสากลม,CP0300B17000T22,30,17.0,(ว่าง),,1,0.7684,0.7684,F2,⌀300,452,2021,5,,
เสากลม,CP0350B06000T02,35,6.0,(ว่าง),,4,0.3492,1.3968,F2,⌀350,582,2022,4,,
เสากลม,CP0350B07000T02,35,7.0,(ว่าง),,3,0.4074,1.2222,F2,⌀350,582,2025,1,,
เสากลม,CP0350B08000T02,35,8.0,(ว่าง),,2,0.4656,0.9312,F2,⌀350,582,2021,5,ปูนมารีน ทา Collar สีเขียว,
เสากลม,CP0350B11000T02,35,11.0,(ว่าง),,44,0.6402,28.1688,F2,⌀350,582,2025,1,,
เสากลม,CP0350B11000T22,35,11.0,(ว่าง),,2,0.6402,1.2804,F2,⌀350,582,2024,2,,
เสากลม,CP0350B12000T02,35,12.0,(ว่าง),,28,0.6984,19.5552,F2,⌀350,582,2024,2,,
เสากลม,CP0350B13000T02,35,13.0,(ว่าง),,63,0.7566,47.6658,F2,⌀350,582,2026,0,,
เสากลม,CP0350B14000T02,35,14.0,(ว่าง),,2,0.8148,1.6296,F2,⌀350,582,2021,5,ปูนมารีน ทา Collar สีเขียว,
เสากลม,CP0350B15000T00,35,15.0,(ว่าง),,6,0.8730,5.2380,F2,⌀350,582,2025,1,,
เสากลม,CP0350B15000T02,35,15.0,(ว่าง),,3,0.8730,2.6190,F2,⌀350,582,2021,5,เสา Auger เสาหนาปั๊ม T,
เสากลม,CP0350B16000T02,35,16.0,(ว่าง),,41,0.9312,38.1792,F2,⌀350,582,2025,1,,
เสากลม,CP0350B17000T02,35,17.0,(ว่าง),,21,0.9894,20.7774,F2,⌀350,582,2025,1,เครนรูด เสาเสีย 4 ท่อนTSK,
เสากลม,CP0350B17000T22,35,17.0,(ว่าง),,6,0.9894,5.9364,F2,⌀350,582,2021,5,เสา Auger เสาหนาปั๊ม T,
เสากลม,CP0350B18000T00,35,18.0,(ว่าง),,11,1.0476,11.5236,F2,⌀350,582,2021,5,เป็นสต๊อกงานเกมส์แล้ว,
เสากลม,CP0350B18000T02,35,18.0,(ว่าง),,60,1.0476,62.8560,F2,⌀350,582,2025,1,,
เสากลม,CP0350B18000T22,35,18.0,(ว่าง),,1,1.0476,1.0476,F2,⌀350,582,2021,5,,
เสากลม,CP0400A06000T02,40,6.0,(ว่าง),,6,0.4596,2.7576,F2,⌀400,766,2022,4,,
เสากลม,CP0400A07000E23,40,7.0,(ว่าง),,4,0.5362,2.1448,F2,⌀400,766,2025,1,,
เสากลม,CP0400A07000T02,40,7.0,(ว่าง),,14,0.5362,7.5068,F2,⌀400,766,2025,1,,
เสากลม,CP0400A08000T02,40,8.0,(ว่าง),,16,0.6128,9.8048,F2,⌀400,766,2025,1,,
เสากลม,CP0400A09000E03,40,9.0,(ว่าง),,1,0.6894,0.6894,F2,⌀400,766,2023,3,,
เสากลม,CP0400A09000E22,40,9.0,(ว่าง),,3,0.6894,2.0682,F2,⌀400,766,2022,4,,
เสากลม,CP0400A09000T00,40,9.0,(ว่าง),,5,0.6894,3.4470,F2,⌀400,766,2023,3,,
เสากลม,CP0400A09000T02,40,9.0,(ว่าง),,140,0.6894,96.5160,F2,⌀400,766,2026,0,,
เสากลม,CP0400A09500T02,40,9.5,(ว่าง),,6,0.7277,4.3662,F2,⌀400,766,2021,5,,
เสากลม,CP0400A11000T00,40,11.0,(ว่าง),,1,0.8426,0.8426,F2,⌀400,766,2024,2,,
เสากลม,CP0400A11000T02,40,11.0,(ว่าง),,22,0.8426,18.5372,F2,⌀400,766,2025,1,,
เสากลม,CP0400A12000E03,40,12.0,(ว่าง),,1,0.9192,0.9192,F2,⌀400,766,2025,1,Joint เก่าใช้ให้หมด,
เสากลม,CP0400A12000T02,40,12.0,(ว่าง),,4,0.9192,3.6768,F2,⌀400,766,2025,1,,
เสากลม,CP0400A13000T02,40,13.0,(ว่าง),,46,0.9958,45.8068,F2,⌀400,766,2025,1,,
เสากลม,CP0400A14000T02,40,14.0,(ว่าง),,35,1.0724,37.5340,F2,⌀400,766,2025,1,,
เสากลม,CP0400A15000T02,40,15.0,(ว่าง),,26,1.1490,29.8740,F2,⌀400,766,2025,1,,
เสากลม,CP0400A17000E00,40,17.0,(ว่าง),,2,1.3022,2.6044,F2,⌀400,766,2024,2,,
เสากลม,CP0400A17000T00,40,17.0,(ว่าง),,5,1.3022,6.5110,F2,⌀400,766,2023,3,,
เสากลม,CP0400A17000T02,40,17.0,(ว่าง),,51,1.3022,66.4122,F2,⌀400,766,2023,3,,
เสากลม,CP0400A18000T02,40,18.0,(ว่าง),,9,1.3788,12.4092,F2,⌀400,766,2021,5,,
เสากลม,CP0400A19000T22,40,19.0,(ว่าง),,1,1.4554,1.4554,F2,⌀400,766,2021,5,,
เสากลม,CP0450A06000E23,45,6.0,(ว่าง),,2,0.5580,1.1160,F2,⌀450,930,2026,0,,
เสากลม,CP0450A06000T02,45,6.0,(ว่าง),,1,0.5580,0.5580,F2,⌀450,930,2024,2,,
เสากลม,CP0450A07000E23,45,7.0,(ว่าง),,6,0.6510,3.9060,F2,⌀450,930,2024,2,,
เสากลม,CP0450A07000T02,45,7.0,(ว่าง),,2,0.6510,1.3020,F2,⌀450,930,2023,3,ทาสีบูลสกาย,
เสากลม,CP0450A08000E03,45,8.0,(ว่าง),,7,0.7440,5.2080,F2,⌀450,930,2024,2,,
เสากลม,CP0450A08000E23,45,8.0,(ว่าง),,1,0.7440,0.7440,F2,⌀450,930,2025,1,ลดยอดเปลี่ยนความยาว,
เสากลม,CP0450A08000T02,45,8.0,(ว่าง),,30,0.7440,22.3200,F2,⌀450,930,2024,2,,
เสากลม,CP0450A09000T02,45,9.0,(ว่าง),,3,0.8370,2.5110,F2,⌀450,930,2023,3,,
เสากลม,CP0450A09500T02,45,9.5,(ว่าง),,4,0.8835,3.5340,F2,⌀450,930,2021,5,,
เสากลม,CP0450A11000T02,45,11.0,(ว่าง),,17,1.0230,17.3910,F2,⌀450,930,2025,1,,
เสากลม,CP0450A12000T02,45,12.0,(ว่าง),,1,1.1160,1.1160,F2,⌀450,930,2024,2,,
เสากลม,CP0450A13000T02,45,13.0,(ว่าง),,11,1.2090,13.2990,F2,⌀450,930,2025,1,,
เสากลม,CP0450A13000T52BF,45,13.0,(ว่าง),,3,1.2090,3.6270,F2,⌀450,930,2023,3,4DB12มม.3.30ม.,
เสากลม,CP0450A14000T02,45,14.0,(ว่าง),,1,1.3020,1.3020,F2,⌀450,930,2022,4,,
เสากลม,CP0450A14000T52BF,45,14.0,(ว่าง),,1,1.3020,1.3020,F2,⌀450,930,2023,3,4DB12มม.3.30ม.,
เสากลม,CP0450A15000T02,45,15.0,(ว่าง),,1,1.3950,1.3950,F2,⌀450,930,2024,2,,
เสากลม,CP0450A16000T02,45,16.0,(ว่าง),,36,1.4880,53.5680,F2,⌀450,930,2025,1,,
เสากลม,CP0450A17000T02,45,17.0,(ว่าง),,12,1.5810,18.9720,F2,⌀450,930,2024,2,,
เสากลม,CP0450A18000T02,45,18.0,(ว่าง),,6,1.6740,10.0440,F2,⌀450,930,2023,3,,
เสากลม,CP0450A19000T00,45,19.0,(ว่าง),,1,1.7670,1.7670,F2,⌀450,930,2021,5,,
เสากลม,CP0450A19000T02,45,19.0,(ว่าง),,4,1.7670,7.0680,F2,⌀450,930,2021,5,,
เสากลม,CP0500A07000T02,50,7.0,(ว่าง),,6,0.8113,4.8678,F2,⌀500,1159,2026,0,,
เสากลม,CP0500A09000T02,50,9.0,(ว่าง),,10,1.0431,10.4310,F2,⌀500,1159,2021,5,ทาสีเขียวอ่อน,
เสากลม,CP0500A09500T02,50,9.5,(ว่าง),,4,1.1010,4.4042,F2,⌀500,1159,2021,5,,
เสากลม,CP0500A11000T02,50,11.0,(ว่าง),,9,1.2749,11.4741,F2,⌀500,1159,2023,3,,
เสากลม,CP0500A12000T02,50,12.0,(ว่าง),,5,1.3908,6.9540,F2,⌀500,1159,2025,1,Auger,
เสากลม,CP0500A12000T22,50,12.0,(ว่าง),,2,1.3908,2.7816,F2,⌀500,1159,2024,2,,
เสากลม,CP0500A12000T25,50,12.0,(ว่าง),,17,1.3908,23.6436,F2,⌀500,1159,2025,1,Auger,
เสากลม,CP0500A13000T02,50,13.0,(ว่าง),,1,1.5067,1.5067,F2,⌀500,1159,2025,1,Auger,
เสากลม,CP0500A13000T25,50,13.0,(ว่าง),,15,1.5067,22.6005,F2,⌀500,1159,2023,3,,
เสากลม,CP0500A14000T00,50,14.0,(ว่าง),,2,1.6226,3.2452,F2,⌀500,1159,2022,4,,
เสากลม,CP0500A14000T02,50,14.0,(ว่าง),,2,1.6226,3.2452,F2,⌀500,1159,2025,1,Auger ปูนมารีน เริ่มผลิตวันที่ 25/9/25,
เสากลม,CP0500A15000T02,50,15.0,(ว่าง),,1,1.7385,1.7385,F2,⌀500,1159,2026,0,ปูนมารีน,
เสากลม,CP0500A15000T25,50,15.0,(ว่าง),,5,1.7385,8.6925,F2,⌀500,1159,2025,1,Auger ปูนมารีน เริ่มผลิตวันที่ 25/9/25,
เสากลม,CP0500A16000T02,50,16.0,(ว่าง),,7,1.8544,12.9808,F2,⌀500,1159,2024,2,,
เสากลม,CP0500A17000T02,50,17.0,(ว่าง),,1,1.9703,1.9703,F2,⌀500,1159,2025,1,ปูนมารีน,
เสากลม,CP0500A19000T05,50,19.0,(ว่าง),,11,2.2021,24.2231,F2,⌀500,1159,2025,1,Auger ปูน Type3,
เสากลม,CP0500A19000T25,50,19.0,(ว่าง),,1,2.2021,2.2021,F2,⌀500,1159,2025,1,Auger ปูน Type3,
เสากลม,CP0500B05500E33,50,5.5,(ว่าง),,1,0.6914,0.6914,F2,⌀500,1257,2025,1,KSC. 800,
เสากลม,CP0500B06000E33,50,6.0,(ว่าง),,1,0.7542,0.7542,F2,⌀500,1257,2025,1,KSC. 800,
เสากลม,CP0500B09000E33,50,9.0,(ว่าง),,1,1.1313,1.1313,F2,⌀500,1257,2025,1,KSC. 800,
เสากลม,CP0500B11000E03,50,11.0,(ว่าง),,2,1.3827,2.7654,F2,⌀500,1257,2025,1,KSC. 800,
เสากลม,CP0600A07000E23,60,7.0,(ว่าง),,11,1.0997,12.0967,F2,⌀600,1571,2022,4,,
เสากลม,CP0600A07000T02,60,7.0,(ว่าง),,3,1.0997,3.2991,F2,⌀600,1571,2021,5,ทาสีเขียวอ่อน,
เสากลม,CP0600A08000E23,60,8.0,(ว่าง),,6,1.2568,7.5408,F2,⌀600,1571,2024,2,ใช้หัวเก่าผลิตให้หมด,
เสากลม,CP0600A08000T02,60,8.0,(ว่าง),,9,1.2568,11.3112,F2,⌀600,1571,2021,5,ทาสีเขียวอ่อน,
เสากลม,CP0600A09000E03,60,9.0,(ว่าง),,6,1.4139,8.4834,F2,⌀600,1571,2022,4,,
เสากลม,CP0600A09000E23,60,9.0,(ว่าง),,1,1.4139,1.4139,F2,⌀600,1571,2022,4,,
เสากลม,CP0600A09500T02,60,9.5,(ว่าง),,4,1.4925,5.9698,F2,⌀600,1571,2021,5,,
เสากลม,CP0600A11000E02,60,11.0,(ว่าง),,1,1.7281,1.7281,F2,⌀600,1571,2025,1,ทาสีส้มอ่อน,
เสากลม,CP0600A11000T02,60,11.0,(ว่าง),,17,1.7281,29.3777,F2,⌀600,1571,2026,0,Auger ปูนมารีน,
เสากลม,CP0600A11000T52BC,60,11.0,(ว่าง),,2,1.7281,3.4562,F2,⌀600,1571,2024,2,8DB16มม.6.00ม.,
เสากลม,CP0600A12000T02,60,12.0,(ว่าง),,23,1.8852,43.3596,F2,⌀600,1571,2025,1,,
เสากลม,CP0600A12000T25,60,12.0,(ว่าง),,8,1.8852,15.0816,F2,⌀600,1571,2025,1,Auger,
เสากลม,CP0600A13000T02,60,13.0,(ว่าง),,28,2.0423,57.1844,F2,⌀600,1571,2026,0,,
เสากลม,CP0600A13000T22,60,13.0,(ว่าง),,6,2.0423,12.2538,F2,⌀600,1571,2026,0,,
เสากลม,CP0600A13000T25,60,13.0,(ว่าง),,4,2.0423,8.1692,F2,⌀600,1571,2023,3,,
เสากลม,CP0600A14000T02,60,14.0,(ว่าง),,7,2.1994,15.3958,F2,⌀600,1571,2025,1,Auger ปูนมารีน เริ่มผลิตวันที่ 25/9/25,
เสากลม,CP0600A14000T03,60,14.0,(ว่าง),,8,2.1994,17.5952,F2,⌀600,1571,2025,1,,
เสากลม,CP0600A15000T02,60,15.0,(ว่าง),,21,2.3565,49.4865,F2,⌀600,1571,2026,0,,
เสากลม,CP0600A15000T03,60,15.0,(ว่าง),,13,2.3565,30.6345,F2,⌀600,1571,2025,1,ลดยอดเปลี่ยนใช้เป็น T02,
เสากลม,CP0600A15000T22,60,15.0,(ว่าง),,8,2.3565,18.8520,F2,⌀600,1571,2026,0,,
เสากลม,CP0600A15000T25,60,15.0,(ว่าง),,3,2.3565,7.0695,F2,⌀600,1571,2025,1,Auger ปูนมารีน เริ่มผลิตวันที่ 25/9/25,
เสากลม,CP0600A16000T02,60,16.0,(ว่าง),,3,2.5136,7.5408,F2,⌀600,1571,2026,0,,
เสากลม,CP0600A17000T02,60,17.0,(ว่าง),,5,2.6707,13.3535,F2,⌀600,1571,2026,0,,
เสากลม,CP0600A17000T25,60,17.0,(ว่าง),,17,2.6707,45.4019,F2,⌀600,1571,2026,0,,
เสากลม,CP0600A18000T00,60,18.0,(ว่าง),,1,2.8278,2.8278,F2,⌀600,1571,2021,5,ติดท่อ,
เสากลม,CP0600A18000T02,60,18.0,(ว่าง),,25,2.8278,70.6950,F2,⌀600,1571,2026,0,,
เสากลม,CP0600A18000T03,60,18.0,(ว่าง),,2,2.8278,5.6556,F2,⌀600,1571,2025,1,ลดยอดเปลี่ยนใช้เป็น T02,
เสากลม,CP0600B08000E23,60,8.0,(ว่าง),,10,1.4480,14.4800,F2,⌀600,1810,2024,2,,
เสากลม,CP0700A09500T02,70,9.5,(ว่าง),,2,1.9370,3.8741,F2,⌀700,2039,2021,5,,
เสากลม,CP0700A12000E00,70,12.0,(ว่าง),,1,2.4468,2.4468,F2,⌀700,2039,2025,1,เสาบาง งาน SO25050147,
เสากลม,CP0700A12000E02,70,12.0,(ว่าง),,3,2.4468,7.3404,F2,⌀700,2039,2025,1,เสาบาง งาน SO25050147,
เสากลม,CP0700A12000E52BH,70,12.0,(ว่าง),,2,2.4468,4.8936,F2,⌀700,2039,2025,1,20DB12มม.12.00ม.,
เสากลม,CP0700A12000T02,70,12.0,(ว่าง),,10,2.4468,24.4680,F2,⌀700,2039,2022,4,,
เสากลม,CP0700A13000T02,70,13.0,(ว่าง),,2,2.6507,5.3014,F2,⌀700,2039,2025,1,Auger,
เสากลม,CP0700A17500T25,70,17.5,(ว่าง),,4,3.5682,14.2730,F2,⌀700,2039,2023,3,,
เสากลม,CP0700A19000T00,70,19.0,(ว่าง),,2,3.8741,7.7482,F2,⌀700,2039,2021,5,,
เสากลม,CP0700A19000T02,70,19.0,(ว่าง),,4,3.8741,15.4964,F2,⌀700,2039,2021,5,,
เสากลม,CP0700C12000E52BH,70,12.0,(ว่าง),,1,2.9556,2.9556,F2,⌀700,2463,2025,1,20DB12มม.12.00ม.,
เสากลม,CP0800A06000T02,80,6.0,(ว่าง),,4,1.5384,6.1536,F2,⌀800,2564,2025,1,,
เสากลม,CP0800A08000T02,80,8.0,(ว่าง),,2,2.0512,4.1024,F2,⌀800,2564,2026,0,Auger ปูนมารีน,
เสากลม,CP0800A09000T00,80,9.0,(ว่าง),,12,2.3076,27.6912,F2,⌀800,2564,2025,1,,
เสากลม,CP0800A09000T02,80,9.0,(ว่าง),,1,2.3076,2.3076,F2,⌀800,2564,2025,1,,
เสากลม,CP0800A11000T02,80,11.0,(ว่าง),,22,2.8204,62.0488,F2,⌀800,2564,2025,1,,
เสากลม,CP0800A11000T25,80,11.0,(ว่าง),,3,2.8204,8.4612,F2,⌀800,2564,2026,0,Auger ปูนมารีน,
เสากลม,CP0800A12000T02,80,12.0,(ว่าง),,37,3.0768,113.8416,F2,⌀800,2564,2026,0,Type 3,
เสากลม,CP0800A12000T25,80,12.0,(ว่าง),,1,3.0768,3.0768,F2,⌀800,2564,2025,1,Auger ปูนมารีน,
เสากลม,CP0800A13000E25,80,13.0,(ว่าง),,1,3.3332,3.3332,F2,⌀800,2564,2024,2,,
เสากลม,CP0800A13000T25,80,13.0,(ว่าง),,11,3.3332,36.6652,F2,⌀800,2564,2026,0,Type 3,
เสากลม,CP0800A14000T02,80,14.0,(ว่าง),,4,3.5896,14.3584,F2,⌀800,2564,2025,1,Auger ปูนมารีน,
เสากลม,CP0800A14000T25,80,14.0,(ว่าง),,5,3.5896,17.9480,F2,⌀800,2564,2025,1,Auger ปูนมารีน,
เสากลม,CP0800A15000T02,80,15.0,(ว่าง),,3,3.8460,11.5380,F2,⌀800,2564,2026,0,Type 3,
เสากลม,CP0800A15000T25,80,15.0,(ว่าง),,30,3.8460,115.3800,F2,⌀800,2564,2025,1,Auger ปูนมารีน เริ่มผลิตวันที่ 25/9/25,
เสากลม,CP0800A16000T02,80,16.0,(ว่าง),,1,17.4352,17.4352,F2,⌀800,2564,2026,1,,
เสากลม,CP0800A17000T02,80,17.0,(ว่าง),,4,4.3588,17.4352,F2,⌀800,2564,2025,1,,
เสากลม,CP1000A07000T02,100,7.0,(ว่าง),,1,2.6474,2.6474,F2,⌀1000,3782,2022,4,,
เสากลม,CP1000A07000T22,100,7.0,(ว่าง),,1,2.6474,2.6474,F2,⌀1000,3782,2022,4,,
เสากลม,CP1000A11000T02,100,11.0,(ว่าง),,1,4.1602,4.1602,F2,⌀1000,3782,2021,5,,
เสากลม,CP1000A14000T02,100,14.0,(ว่าง),,3,5.2948,15.8844,F2,⌀1000,3782,2022,4,,
เสาอัดแรง,D20B0510E54025101,20,5.1,(ว่าง),,20,0.3978,7.9560,F2,D20,780,,,,
เสาอัดแรง,I22B0900T02,22,9.0,(ว่าง),,9,0.3267,2.9403,F2,I22,363,,,,
เสาอัดแรง,I22B1050T02,22,10.5,(ว่าง),,12,0.3812,4.5738,F2,I22,363,,,,
เสาอัดแรง,I22B1300T02,22,13.0,(ว่าง),,4,0.4719,1.8876,F2,I22,363,,,,
เสาอัดแรง,I22D1050S02,22,10.5,(ว่าง),,2,0.4053,0.8106,F2,I22,386,,,,
เสาอัดแรง,I26B1050P01,26,10.5,(ว่าง),,1,0.4966,0.4966,F2,I26,473,,,,
เสาอัดแรง,I26D0750S02,26,7.5,(ว่าง),,1,0.3667,0.3667,F2,I26,489,,,,
เสาอัดแรง,I30B1050T02,30,10.5,(ว่าง),,3,0.6930,2.0790,F2,I30,660,,,,
เสาอัดแรง,I30D1000S00,30,10.0,(ว่าง),,3,0.6600,1.9800,F2,I30,660,,,,
เสาอัดแรง,I30D1200S02,30,12.0,(ว่าง),,3,0.7920,2.3760,F2,I30,660,,,,
เสาอัดแรง,I35A1000T02,35,10.0,(ว่าง),,5,0.8080,4.0400,F2,I35,808,,,,
เสาอัดแรง,I35A1500T02,35,15.0,(ว่าง),,1,1.2120,1.2120,F2,I35,808,,,,
เสาอัดแรง,I35B1200T02,35,12.0,(ว่าง),,1,1.0560,1.0560,F2,I35,880,,,,
เสาอัดแรง,I35D0500S00,35,5.0,(ว่าง),,4,0.4400,1.7600,F2,I35,880,,,,
เสาอัดแรง,I35D0950S02,35,9.5,(ว่าง),,1,0.8360,0.8360,F2,I35,880,,,,
เสาอัดแรง,I35D1400T02,35,14.0,(ว่าง),,7,1.2320,8.6240,F2,I35,880,,,,
เสาอัดแรง,I40A0900T02A,40,9.0,(ว่าง),,6,1.1115,6.6690,F2,I40,1235,,,,
เสาอัดแรง,I40B1050T02A,40,10.5,(ว่าง),,1,1.3388,1.3388,F2,I40,1275,,,,
เสาอัดแรง,I40B1200T02A,40,12.0,(ว่าง),,2,1.5300,3.0600,F2,I40,1275,,,,
เสาอัดแรง,I40D0950T02,40,9.5,(ว่าง),,2,1.1780,2.3560,F2,I40,1240,,,,
เสาอัดแรง,I40D1150T02,40,11.5,(ว่าง),,1,1.4260,1.4260,F2,I40,1240,,,,
เสาอัดแรง,I40D1800E02039101,40,18.0,(ว่าง),,36,2.2320,80.3520,F2,I40,1240,,,,
เสาอัดแรง,I50A1050T02A,50,10.5,(ว่าง),,9,2.0580,18.5220,F2,I50,1960,,,,
อื่นๆ,O40B0800T02,40,8.0,(ว่าง),,2,0.8552,1.7104,F2,⊡400,1069,2019,7,,
อื่นๆ,O40B1100T02,40,11.0,(ว่าง),,2,1.1759,2.3518,F2,⊡400,1069,2019,7,,
อื่นๆ,O45A0800T02,45,8.0,(ว่าง),,1,1.1624,1.1624,F2,⊡450,1453,2019,7,,
เสากลม,PHC0300C09500T02A,30,9.5,(ว่าง),,2,0.4807,0.9614,F2,⌀300,506,2023,3,"#4720, 4721 ขนไปเทส รง.1",
เสากลม,PHC0300C09500T02AB,30,9.5,(ว่าง),,2,0.4807,0.9614,F2,⌀300,506,2023,3,"#4208, 4209 ขนไปเทส รง.1",
เสากลม,PHC0300C11000T22AB,30,11.0,(ว่าง),,2,0.5566,1.1132,F2,⌀300,506,2025,1,ผลิตเพื่อทดสอบกำลังอัด,
เสากลม,PHC0350D09500T02A,35,9.5,(ว่าง),,2,0.6450,1.2901,F2,⌀350,679,2023,3,"#232, 4018 ขนไปเทส รง.1",
เสากลม,PHC0350D09500T02AB,35,9.5,(ว่าง),,4,0.6450,2.5802,F2,⌀350,679,2023,3,"#4020, 4021 ขนไปเทส รง.1  ",
เสากลม,PHC0350D19000T02A,35,19.0,(ว่าง),,1,1.2901,1.2901,F2,⌀350,679,2023,3,ผลิตเพื่อขอมอก.3426-2565,
เสากลม,PHC0350D19000T02AB,35,19.0,(ว่าง),,1,1.2901,1.2901,F2,⌀350,679,2023,3,ผลิตเพื่อขอมอก.3426-2565,
เสากลม,PHC0400F09500T02A,40,9.5,(ว่าง),,2,0.8645,1.7290,F2,⌀400,910,2023,3,"#4718, 4719 ขนไปเทส รง.1",
เสากลม,PHC0400F09500T02AB,40,9.5,(ว่าง),,6,0.8645,5.1870,F2,⌀400,910,2023,3,"#2578, 2579 ขนไปเทส รง.1",
เสากลม,PHC0450D09500T02A,45,9.5,(ว่าง),,2,1.0070,2.0140,F2,⌀450,1060,2023,3,"#4716, 4717 ขนไปเทส รง.1",
เสากลม,PHC0450D09500T02AB,45,9.5,(ว่าง),,2,1.0070,2.0140,F2,⌀450,1060,2023,3,"#4204, 4205 ขนไปเทส รง.1",
เสากลม,PHC0500B09500T02AB,50,9.5,(ว่าง),,2,1.1942,2.3883,F2,⌀500,1257,2023,3,"#4014, 4015 ขนไปเทส รง.1  ",
เสากลม,PHC0500B19000T02A,50,19.0,(ว่าง),,1,2.3883,2.3883,F2,⌀500,1257,2023,3,ผลิตเพื่อขอมอก.3426-2565,
เสากลม,PHC0500B19000T02AB,50,19.0,(ว่าง),,1,2.3883,2.3883,F2,⌀500,1257,2023,3,ผลิตเพื่อขอมอก.3426-2565,
เสากลม,PHC0600E09500T02AB,60,9.5,(ว่าง),,1,1.6083,1.6083,F2,⌀600,1693,2023,3,"#1048, 1049 ขนไปเทส รง.1",
เสากลม,PHC0600E15000T00AB,60,15.0,(ว่าง),,2,2.5395,5.0790,F2,⌀600,1693,2025,1,,
เสากลม,PHC0600E17000T05AB,60,17.0,(ว่าง),,2,2.8781,5.7562,F2,⌀600,1693,2025,1,หัวชู,
เสากลม,PHC0700A09500T25A,70,9.5,(ว่าง),,10,1.9370,19.3705,F2,⌀700,2039,2023,3,"#1751, 1752 ขนไปเทส รง.1 ",
เสากลม,PHC0700A09500T25AB,70,9.5,(ว่าง),,10,1.9370,19.3705,F2,⌀700,2039,2023,3,"#1749, 1750 ขนไปเทส รง.1 ",
เสากลม,PHC0700A19000T02A,70,19.0,(ว่าง),,1,3.8741,3.8741,F2,⌀700,2039,2023,3,ผลิตเพื่อขอมอก.3426-2565,
เสากลม,PHC0700A19000T02AB,70,19.0,(ว่าง),,1,3.8741,3.8741,F2,⌀700,2039,2023,3,ผลิตเพื่อขอมอก.3426-2565,
เสากลม,PHC0800F08750T02AB,80,8.8,(ว่าง),,2,2.3940,4.7880,F2,⌀800,2736,2023,3,"#3168, 3169 ขนไปเทส รง.1",
เสาอัดแรง,R11F0087E00011901,11,0.9,(ว่าง),,5,0.0957,0.4785,F2,R11,1100,,,,
เสาอัดแรง,R11F0137E00011901,11,1.4,(ว่าง),,13,0.1507,1.9591,F2,R11,1100,,,,
เสาอัดแรง,S18A0400E54036801,18,4.0,(ว่าง),,5,0.1296,0.6480,F2,S18,324,,,,
เสาอัดแรง,S18A0480E54018601,18,4.8,(ว่าง),,16,0.1555,2.4883,F2,S18,324,,,,
เสาอัดแรง,S18A0480E54035801,18,4.8,(ว่าง),,3,0.1555,0.4666,F2,S18,324,,,,
เสาอัดแรง,S18A0600E54036801,18,6.0,(ว่าง),,3,0.1944,0.5832,F2,S18,324,,,,
เสาอัดแรง,S18A0600S00,18,6.0,(ว่าง),,1,0.1944,0.1944,F2,S18,324,,,,
เสาอัดแรง,S18A0800E50033501,18,8.0,(ว่าง),,2,0.2592,0.5184,F2,S18,324,,,,
เสาอัดแรง,S18A0800S00,18,8.0,(ว่าง),,1,0.2592,0.2592,F2,S18,324,,,,
เสาอัดแรง,S18A1000S02,18,10.0,(ว่าง),,5,0.3240,1.6200,F2,S18,324,,,,
เสาอัดแรง,S18A1050S02,18,10.5,(ว่าง),,2,0.3402,0.6804,F2,S18,324,,,,
เสาอัดแรง,S18A1200S02,18,12.0,(ว่าง),,7,0.3888,2.7216,F2,S18,324,,,,
เสาอัดแรง,S22A0700T02,22,7.0,(ว่าง),,1,0.3388,0.3388,F2,S22,484,,,,
เสาอัดแรง,S22A0800S00,22,8.0,(ว่าง),,2,0.3872,0.7744,F2,S22,484,,,,
เสาอัดแรง,S22A0800S02,22,8.0,(ว่าง),,1,0.3872,0.3872,F2,S22,484,,,,
เสาอัดแรง,S22A0950S02,22,9.5,(ว่าง),,1,0.4598,0.4598,F2,S22,484,,,,
เสาอัดแรง,S22A1100S02,22,11.0,(ว่าง),,7,0.5324,3.7268,F2,S22,484,,,,
เสาอัดแรง,S26A0200T00(เสาตัด),26,2.0,(ว่าง),,3,0.1352,0.4056,F2,S26,676,,,,
เสาอัดแรง,S26A1050T02,26,10.5,(ว่าง),,1,0.7098,0.7098,F2,S26,676,,,,
เสาอัดแรง,S30A0900S02,30,9.0,(ว่าง),,5,0.8100,4.0500,F2,S30,900,,,,
เสาอัดแรง,S30A1200E50033702,30,12.0,(ว่าง),,2,1.0800,2.1600,F2,S30,900,,,,
เสาอัดแรง,S30A1300T00,30,13.0,(ว่าง),,5,1.1700,5.8500,F2,S30,900,,,,
เสาอัดแรง,S35A0500S02,35,5.0,(ว่าง),,1,0.6125,0.6125,F2,S35,1225,,,,
เสาอัดแรง,S35A0750S02,35,7.5,(ว่าง),,1,0.9187,0.9187,F2,S35,1225,,,,
เสาอัดแรง,S35A1000S02,35,10.0,(ว่าง),,1,1.2250,1.2250,F2,S35,1225,,,,
เสาอัดแรง,S35A1100S02,35,11.0,(ว่าง),,2,1.3475,2.6950,F2,S35,1225,,,,
เสาอัดแรง,S35A1200S02,35,12.0,(ว่าง),,2,1.4700,2.9400,F2,S35,1225,,,,
เสาอัดแรง,S35A1200T02,35,12.0,(ว่าง),,15,1.4700,22.0500,F2,S35,1225,,,,
เสาอัดแรง,S35A1430T04,35,14.3,(ว่าง),,1,1.7518,1.7518,F2,S35,1225,,,,
เสาอัดแรง,S35A1500S25,35,15.0,(ว่าง),,4,1.8375,7.3500,F2,S35,1225,,,,
เสาอัดแรง,S40A0800S02,40,8.0,(ว่าง),,1,1.2800,1.2800,F2,S40,1600,,,,
เสาอัดแรง,S40A1000S02,40,10.0,(ว่าง),,1,1.6000,1.6000,F2,S40,1600,,,,
เสาอัดแรง,S40A1100S55042101,40,11.0,(ว่าง),,1,1.7600,1.7600,F2,S40,1600,,,,
เสาอัดแรง,S40A1200S02,40,12.0,(ว่าง),,1,1.9200,1.9200,F2,S40,1600,,,,
เสาอัดแรง,S40A1200T02,40,12.0,(ว่าง),,2,1.9200,3.8400,F2,S40,1600,,,,
เสาอัดแรง,S40A1400S02,40,14.0,(ว่าง),,2,2.2400,4.4800,F2,S40,1600,,,,
เสาอัดแรง,S45A0900S00,45,9.0,(ว่าง),,1,1.8225,1.8225,F2,S45,2025,,,,
เสาอัดแรง,S45A1050S02,45,10.5,(ว่าง),,1,2.1263,2.1263,F2,S45,2025,,,,
เสาอัดแรง,S45A1200S02,45,12.0,(ว่าง),,2,2.4300,4.8600,F2,S45,2025,,,,
เสาอัดแรง,S45A1200S52038102,45,12.0,(ว่าง),,2,2.4300,4.8600,F2,S45,2025,,,,
เสาอัดแรง,S45A1200T02,45,12.0,(ว่าง),,1,2.4300,2.4300,F2,S45,2025,,,,
เสาอัดแรง,S45A1300S02,45,13.0,(ว่าง),,1,2.6325,2.6325,F2,S45,2025,,,,
เสาอัดแรง,S45A1400S52038101,45,14.0,(ว่าง),,5,2.8350,14.1750,F2,S45,2025,,,,
เสาอัดแรง,S52A1700S02,52.5,17.0,(ว่าง),,2,4.6852,9.3704,F2,S52.5,2756,,,,
#LOG
วันที่,โรงงาน,ประเภทเสา,ขนาด,ความยาว (m),ลด,เพิ่ม
26/8/2026,F2,เสาอัดแรง,S18,10.0,4,
26/8/2026,F2,เสาอัดแรง,S18,10.5,2,
26/8/2026,F2,เสาอัดแรง,S18,8.0,6,
26/8/2026,F2,เสาอัดแรง,S18,9.0,14,
26/8/2026,F2,เสาอัดแรง,S18,9.5,4,
26/8/2026,F2,เสาอัดแรง,S22,13.0,16,
26/8/2026,F2,เสาอัดแรง,S22,7.5,2,
26/8/2026,F2,เสาอัดแรง,S22,8.0,5,
26/8/2026,F2,เสาอัดแรง,S35,10.5,1,
26/8/2026,F2,เสาอัดแรง,S35,12.0,41,
26/8/2026,F2,เสาอัดแรง,S35,13.0,1,
26/8/2026,F2,เสาอัดแรง,S35,7.0,3,
26/8/2026,F2,เสาอัดแรง,S35,7.5,2,
26/8/2026,F2,เสาอัดแรง,S35,8.0,1,
26/8/2026,F2,เสาแรงเหวี่ยง,⌀250,14.0,,4
26/8/2026,F2,เสาแรงเหวี่ยง,⌀250,5.0,,5
26/8/2026,F2,เสาแรงเหวี่ยง,⌀250,9.0,,6
26/8/2026,F2,เสาแรงเหวี่ยง,⌀300,11.0,3,
26/8/2026,F2,เสาแรงเหวี่ยง,⌀300,7.0,,3
26/8/2026,F2,เสาแรงเหวี่ยง,⌀350,14.0,,1
26/8/2026,F2,เสาแรงเหวี่ยง,⌀350,15.0,,1
26/8/2026,F2,เสาแรงเหวี่ยง,⌀350,15.0,116,
26/8/2026,F2,เสาแรงเหวี่ยง,⌀350,18.0,,9
26/8/2026,F2,เสาแรงเหวี่ยง,⌀350,8.0,92,
26/8/2026,F2,เสาแรงเหวี่ยง,⌀400,12.0,13,
26/8/2026,F2,เสาแรงเหวี่ยง,⌀400,13.0,,3
26/8/2026,F2,เสาแรงเหวี่ยง,⌀400,9.0,,3
26/8/2026,F2,เสาแรงเหวี่ยง,⌀400,9.0,,2
26/8/2026,F2,เสาแรงเหวี่ยง,⌀450,12.0,75,
26/8/2026,F2,เสาแรงเหวี่ยง,⌀450,13.0,,2
26/8/2026,F2,เสาแรงเหวี่ยง,⌀450,7.0,,4
26/8/2026,F2,เสาแรงเหวี่ยง,⌀500,11.0,,8
26/8/2026,F2,เสาแรงเหวี่ยง,⌀500,12.0,23,
26/8/2026,F2,เสาแรงเหวี่ยง,⌀500,12.0,,2
26/8/2026,F2,เสาแรงเหวี่ยง,⌀500,13.0,7,
26/8/2026,F2,เสาแรงเหวี่ยง,⌀500,14.0,5,
26/8/2026,F2,เสาแรงเหวี่ยง,⌀500,15.0,34,
26/8/2026,F2,เสาแรงเหวี่ยง,⌀500,17.0,21,
26/8/2026,F2,เสาแรงเหวี่ยง,⌀600,11.0,4,
26/8/2026,F2,เสาแรงเหวี่ยง,⌀600,11.0,,2
26/8/2026,F2,เสาแรงเหวี่ยง,⌀600,11.0,2,
26/8/2026,F2,เสาแรงเหวี่ยง,⌀600,15.0,,3
26/8/2026,F2,เสาแรงเหวี่ยง,⌀600,15.0,1,
26/8/2026,F2,เสาแรงเหวี่ยง,⌀600,15.0,4,
26/8/2026,F2,เสาแรงเหวี่ยง,⌀600,17.0,,4
26/8/2026,F2,เสาแรงเหวี่ยง,⌀600,17.0,,17
26/8/2026,F2,เสาแรงเหวี่ยง,⌀600,7.0,,1
26/8/2026,F2,เสาแรงเหวี่ยง,⌀600,8.0,,2
26/8/2026,F2,เสาแรงเหวี่ยง,⌀700,12.0,,1
26/8/2026,F2,เสาแรงเหวี่ยง,⌀700,13.0,2,
26/8/2026,F2,เสาแรงเหวี่ยง,⌀700,15.0,,4
26/8/2026,F2,เสาแรงเหวี่ยง,⌀800,11.0,,2
26/8/2026,F2,เสาแรงเหวี่ยง,⌀800,12.0,,35
26/8/2026,F2,เสาแรงเหวี่ยง,⌀800,8.0,12,
21/8/2026,F1,เสาแรงเหวี่ยง,⌀250,11.0,71,0
21/8/2026,F1,เสาแรงเหวี่ยง,⌀300,11.0,158,0
21/8/2026,F1,เสาแรงเหวี่ยง,⌀600,11.0,26,0
21/8/2026,F1,เสาแรงเหวี่ยง,⌀600,12.0,12,0
21/8/2026,F1,เสาแรงเหวี่ยง,⌀600,13.0,8,0
21/8/2026,F1,เสาอัดแรง,I22,9.0,0,1
21/8/2026,F1,เสาอัดแรง,I22,10.5,0,20
21/8/2026,F1,เสาอัดแรง,I22,13.0,0,18
21/8/2026,F1,เสาอัดแรง,I22,10.0,0,13
21/8/2026,F1,เสาอัดแรง,I22,10.0,0,1
21/8/2026,F1,เสาอัดแรง,I22,13.0,0,19
21/8/2026,F1,เสาอัดแรง,I22,14.0,0,1
21/8/2026,F1,เสาอัดแรง,I26,10.5,20,0
21/8/2026,F1,เสาอัดแรง,I26,11.0,38,0
21/8/2026,F1,เสาอัดแรง,I30,11.0,0,44
21/8/2026,F1,เสาอัดแรง,I30,12.0,0,10
21/8/2026,F1,เสาอัดแรง,I35,11.5,0,2
21/8/2026,F1,เสาอัดแรง,I35,12.0,2,0
21/8/2026,F1,เสาอัดแรง,I40,7.0,0,2
21/8/2026,F1,เสาอัดแรง,I40,8.0,0,12
21/8/2026,F1,เสาอัดแรง,I40,9.0,0,19
21/8/2026,F1,เสาอัดแรง,I40,9.0,0,20
21/8/2026,F1,เสาอัดแรง,I40,11.5,0,27
21/8/2026,F1,เสาอัดแรง,I40,12.5,0,4
21/8/2026,F1,เสาอัดแรง,S35,10.5,0,1
19/8/2026,F2,เสาแรงเหวี่ยง,⌀250,9.0,0,16
19/8/2026,F2,เสาแรงเหวี่ยง,⌀300,12.0,0,80
19/8/2026,F2,เสาแรงเหวี่ยง,⌀400,9.0,0,4
19/8/2026,F2,เสาแรงเหวี่ยง,⌀400,15.0,2,0
19/8/2026,F2,เสาแรงเหวี่ยง,⌀600,11.0,0,2
19/8/2026,F2,เสาแรงเหวี่ยง,⌀600,12.0,0,18
19/8/2026,F2,เสาแรงเหวี่ยง,⌀600,13.0,0,21
19/8/2026,F2,เสาแรงเหวี่ยง,⌀600,14.0,0,7
19/8/2026,F2,เสาแรงเหวี่ยง,⌀600,15.0,0,18
19/8/2026,F2,เสาแรงเหวี่ยง,⌀600,15.0,1,0
19/8/2026,F2,เสาแรงเหวี่ยง,⌀600,17.0,2,0
19/8/2026,F2,เสาแรงเหวี่ยง,⌀600,18.0,6,0
19/8/2026,F2,เสาแรงเหวี่ยง,⌀800,12.0,0,1
19/8/2026,F2,เสาแรงเหวี่ยง,⌀600,15.0,0,4
19/8/2026,F3,เสาอัดแรง,S26,9.0,0,6
19/8/2026,F3,เสาอัดแรง,S30,9.0,0,2
19/8/2026,F3,เสาอัดแรง,S30,11.0,1,0
19/8/2026,F3,เสาอัดแรง,S30,12.0,5,0
19/8/2026,F3,เสาอัดแรง,S35,10.0,0,1
5/8/2026,F2,เสาแรงเหวี่ยง,⌀250,7.0,50,0
5/8/2026,F2,เสาแรงเหวี่ยง,⌀250,8.0,50,0
5/8/2026,F2,เสาแรงเหวี่ยง,⌀250,9.0,60,0
5/8/2026,F2,เสาแรงเหวี่ยง,⌀250,10.0,50,0
5/8/2026,F2,เสาแรงเหวี่ยง,⌀300,12.0,0,16
5/8/2026,F2,เสาแรงเหวี่ยง,⌀350,12.0,2,0
5/8/2026,F2,เสาแรงเหวี่ยง,⌀350,13.0,37,0
5/8/2026,F2,เสาแรงเหวี่ยง,⌀350,14.0,2,0
5/8/2026,F2,เสาแรงเหวี่ยง,⌀400,7.0,0,14
5/8/2026,F2,เสาแรงเหวี่ยง,⌀400,9.0,0,16
5/8/2026,F2,เสาแรงเหวี่ยง,⌀600,13.0,4,0
5/8/2026,F2,เสาแรงเหวี่ยง,⌀600,15.0,27,0
5/8/2026,F2,เสาแรงเหวี่ยง,⌀600,16.0,114,0
5/8/2026,F2,เสาแรงเหวี่ยง,⌀600,17.0,10,0
5/8/2026,F2,เสาแรงเหวี่ยง,⌀600,18.0,0,11
5/8/2026,F2,เสาแรงเหวี่ยง,⌀700,12.0,3,0
5/8/2026,F2,เสาแรงเหวี่ยง,⌀800,12.0,0,37
29/7/2026,F2,เสาแรงเหวี่ยง,⌀250,5.0,5,0
29/7/2026,F2,เสาแรงเหวี่ยง,⌀250,7.0,60,0
29/7/2026,F2,เสาแรงเหวี่ยง,⌀250,9.0,34,0
29/7/2026,F2,เสาแรงเหวี่ยง,⌀250,11.0,60,0
29/7/2026,F2,เสาแรงเหวี่ยง,⌀250,12.0,183,0
29/7/2026,F2,เสาแรงเหวี่ยง,⌀250,14.0,4,0
29/7/2026,F2,เสาแรงเหวี่ยง,⌀250,15.0,0,22
29/7/2026,F2,เสาแรงเหวี่ยง,⌀300,8.0,1,0
29/7/2026,F2,เสาแรงเหวี่ยง,⌀300,12.0,0,7
29/7/2026,F2,เสาแรงเหวี่ยง,⌀350,6.0,9,0
29/7/2026,F2,เสาแรงเหวี่ยง,⌀350,8.0,18,0
29/7/2026,F2,เสาแรงเหวี่ยง,⌀350,9.0,30,0
29/7/2026,F2,เสาแรงเหวี่ยง,⌀350,12.0,34,0
29/7/2026,F2,เสาแรงเหวี่ยง,⌀350,13.0,22,0
29/7/2026,F2,เสาแรงเหวี่ยง,⌀350,14.0,8,0
29/7/2026,F2,เสาแรงเหวี่ยง,⌀350,15.0,4,0
29/7/2026,F2,เสาแรงเหวี่ยง,⌀350,17.0,4,0
29/7/2026,F2,เสาแรงเหวี่ยง,⌀350,18.0,11,0
29/7/2026,F2,เสาแรงเหวี่ยง,⌀400,7.0,0,53
29/7/2026,F2,เสาแรงเหวี่ยง,⌀400,8.0,33,0
29/7/2026,F2,เสาแรงเหวี่ยง,⌀400,9.0,0,29
29/7/2026,F2,เสาแรงเหวี่ยง,⌀400,11.0,0,22
29/7/2026,F2,เสาแรงเหวี่ยง,⌀400,12.0,0,13
29/7/2026,F2,เสาแรงเหวี่ยง,⌀400,13.0,5,0
29/7/2026,F2,เสาแรงเหวี่ยง,⌀400,14.0,3,0
29/7/2026,F2,เสาแรงเหวี่ยง,⌀450,7.0,23,0
29/7/2026,F2,เสาแรงเหวี่ยง,⌀450,12.0,1,0
29/7/2026,F2,เสาแรงเหวี่ยง,⌀450,13.0,2,0
29/7/2026,F2,เสาแรงเหวี่ยง,⌀450,17.0,12,0
29/7/2026,F2,เสาแรงเหวี่ยง,⌀450,18.0,8,0
29/7/2026,F2,เสาแรงเหวี่ยง,⌀500,11.0,9,0
29/7/2026,F2,เสาแรงเหวี่ยง,⌀500,12.0,35,0
29/7/2026,F2,เสาแรงเหวี่ยง,⌀500,13.0,66,0
29/7/2026,F2,เสาแรงเหวี่ยง,⌀500,14.0,34,0
29/7/2026,F2,เสาแรงเหวี่ยง,⌀500,15.0,7,0
29/7/2026,F2,เสาแรงเหวี่ยง,⌀500,16.0,3,0
29/7/2026,F2,เสาแรงเหวี่ยง,⌀500,17.0,2,0
29/7/2026,F2,เสาแรงเหวี่ยง,⌀600,7.0,9,0
29/7/2026,F2,เสาแรงเหวี่ยง,⌀600,8.0,11,0
29/7/2026,F2,เสาแรงเหวี่ยง,⌀600,9.0,76,0
29/7/2026,F2,เสาแรงเหวี่ยง,⌀600,12.0,3,0
29/7/2026,F2,เสาแรงเหวี่ยง,⌀600,13.0,0,6
29/7/2026,F2,เสาแรงเหวี่ยง,⌀600,14.0,6,0
29/7/2026,F2,เสาแรงเหวี่ยง,⌀600,15.0,0,56
29/7/2026,F2,เสาแรงเหวี่ยง,⌀600,16.0,0,117
29/7/2026,F2,เสาแรงเหวี่ยง,⌀600,17.0,0,34
29/7/2026,F2,เสาแรงเหวี่ยง,⌀600,18.0,0,20
29/7/2026,F2,เสาแรงเหวี่ยง,⌀700,9.0,0,1
29/7/2026,F2,เสาแรงเหวี่ยง,⌀700,9.5,4,0
29/7/2026,F2,เสาแรงเหวี่ยง,⌀700,12.0,0,58
29/7/2026,F2,เสาแรงเหวี่ยง,⌀700,13.0,10,0
29/7/2026,F2,เสาแรงเหวี่ยง,⌀700,15.0,9,0
29/7/2026,F2,เสาแรงเหวี่ยง,⌀800,8.0,2,0
29/7/2026,F2,เสาแรงเหวี่ยง,⌀800,11.0,3,0
29/7/2026,F2,เสาแรงเหวี่ยง,⌀800,12.0,0,2
29/7/2026,F2,เสาแรงเหวี่ยง,⌀800,13.0,0,19
29/7/2026,F2,เสาแรงเหวี่ยง,⌀800,14.0,75,0
29/7/2026,F2,เสาแรงเหวี่ยง,⌀800,15.0,10,0
30/7/2026,F1,เสาอัดแรง,B40,10.00,0,2
30/7/2026,F1,เสาแรงเหวี่ยง,Ø25,1.50,3,0
30/7/2026,F1,เสาแรงเหวี่ยง,Ø25,7.00,1,0
30/7/2026,F1,เสาแรงเหวี่ยง,Ø25,12.00,1,0
30/7/2026,F1,เสาแรงเหวี่ยง,Ø30,14.00,0,1
30/7/2026,F1,เสาแรงเหวี่ยง,Ø30,5.00,1,0
30/7/2026,F1,เสาแรงเหวี่ยง,Ø30,11.00,0,1
30/7/2026,F1,เสาแรงเหวี่ยง,Ø30,13.00,0,1
30/7/2026,F1,เสาแรงเหวี่ยง,Ø35,17.00,0,2
30/7/2026,F1,เสาแรงเหวี่ยง,Ø35,7.00,1,0
30/7/2026,F1,เสาแรงเหวี่ยง,Ø35,10.00,1,0
30/7/2026,F1,เสาแรงเหวี่ยง,Ø35,11.00,2,0
30/7/2026,F1,เสาแรงเหวี่ยง,Ø35,14.00,0,2
30/7/2026,F1,เสาแรงเหวี่ยง,Ø35,15.00,2,0
30/7/2026,F1,เสาแรงเหวี่ยง,Ø40,6.00,3,0
30/7/2026,F1,เสาแรงเหวี่ยง,Ø40,8.00,3,0
30/7/2026,F1,เสาแรงเหวี่ยง,Ø40,11.00,3,0
30/7/2026,F1,เสาแรงเหวี่ยง,Ø40,12.00,5,0
30/7/2026,F1,เสาแรงเหวี่ยง,Ø40,15.00,1,0
30/7/2026,F1,เสาแรงเหวี่ยง,Ø45,13.00,1,0
30/7/2026,F1,เสาแรงเหวี่ยง,Ø45,14.00,2,0
30/7/2026,F1,เสาแรงเหวี่ยง,Ø45,15.00,16,0
30/7/2026,F1,เสาแรงเหวี่ยง,Ø45,16.00,2,0
30/7/2026,F1,เสาแรงเหวี่ยง,Ø50,8.00,3,0
30/7/2026,F1,เสาแรงเหวี่ยง,Ø50,12.00,4,0
30/7/2026,F1,เสาแรงเหวี่ยง,Ø50,12.00,2,0
30/7/2026,F1,เสาแรงเหวี่ยง,Ø50,12.00,2,0
30/7/2026,F1,เสาแรงเหวี่ยง,Ø50,13.00,3,0
30/7/2026,F1,เสาแรงเหวี่ยง,Ø50,15.00,0,1
30/7/2026,F1,เสาแรงเหวี่ยง,Ø50,16.00,0,1
30/7/2026,F1,เสาแรงเหวี่ยง,Ø60,11.00,3,0
30/7/2026,F1,เสาแรงเหวี่ยง,Ø60,13.00,1,0
30/7/2026,F1,เสาแรงเหวี่ยง,Ø60,13.00,1,0
30/7/2026,F1,เสาแรงเหวี่ยง,Ø60,14.00,0,1
30/7/2026,F1,เสาแรงเหวี่ยง,Ø60,15.00,0,3
30/7/2026,F1,เสาแรงเหวี่ยง,Ø60,16.00,1,0
30/7/2026,F1,เสาแรงเหวี่ยง,Ø60,17.00,0,4
30/7/2026,F1,เสาแรงเหวี่ยง,Ø25,5.00,1,0
30/7/2026,F1,เสาแรงเหวี่ยง,Ø25,11.00,6,0
30/7/2026,F1,เสาแรงเหวี่ยง,Ø25,12.00,6,0
30/7/2026,F1,เสาแรงเหวี่ยง,Ø25,14.00,1,0
30/7/2026,F1,เสาแรงเหวี่ยง,Ø30,11.00,74,0
30/7/2026,F1,เสาแรงเหวี่ยง,Ø35,10.00,1,0
30/7/2026,F1,เสาแรงเหวี่ยง,Ø35,12.00,5,0
30/7/2026,F1,เสาแรงเหวี่ยง,Ø35,13.00,1,0
30/7/2026,F1,เสาแรงเหวี่ยง,Ø40,8.00,7,0
30/7/2026,F1,เสาแรงเหวี่ยง,Ø40,11.00,3,0
30/7/2026,F1,เสาแรงเหวี่ยง,Ø40,12.00,0,1
30/7/2026,F1,เสาแรงเหวี่ยง,Ø60,11.00,14,0
30/7/2026,F1,เสาอัดแรง,D30,16.00,1,0
30/7/2026,F1,เสาอัดแรง,D30,16.50,3,0
30/7/2026,F1,เสาอัดแรง,I22,9.00,10,0
30/7/2026,F1,เสาอัดแรง,I22,9.50,88,0
30/7/2026,F1,เสาอัดแรง,I22,10.50,5,0
30/7/2026,F1,เสาอัดแรง,I22,11.00,3,0
30/7/2026,F1,เสาอัดแรง,I22,5.00,1,0
30/7/2026,F1,เสาอัดแรง,I22,10.00,86,0
30/7/2026,F1,เสาอัดแรง,I22,10.50,4,0
30/7/2026,F1,เสาอัดแรง,I22,10.50,8,0
30/7/2026,F1,เสาอัดแรง,I22,10.50,1,0
30/7/2026,F1,เสาอัดแรง,I22,11.00,22,0
30/7/2026,F1,เสาอัดแรง,I22,12.00,2,0
30/7/2026,F1,เสาอัดแรง,I22,12.00,1,0
30/7/2026,F1,เสาอัดแรง,I22,13.00,1,0
30/7/2026,F1,เสาอัดแรง,I26,7.00,3,0
30/7/2026,F1,เสาอัดแรง,I26,7.00,1,0
30/7/2026,F1,เสาอัดแรง,I26,9.00,1,0
30/7/2026,F1,เสาอัดแรง,I26,13.00,5,0
30/7/2026,F1,เสาอัดแรง,I26,9.50,1,0
30/7/2026,F1,เสาอัดแรง,I26,10.00,6,0
30/7/2026,F1,เสาอัดแรง,I26,11.50,2,0
30/7/2026,F1,เสาอัดแรง,I26,9.00,0,12
30/7/2026,F1,เสาอัดแรง,I26,10.00,0,15
30/7/2026,F1,เสาอัดแรง,I26,10.00,2,0
30/7/2026,F1,เสาอัดแรง,I26,11.00,0,28
30/7/2026,F1,เสาอัดแรง,I30,11.00,0,72
30/7/2026,F1,เสาอัดแรง,I30,12.00,0,90
30/7/2026,F1,เสาอัดแรง,I30,13.00,1,0
30/7/2026,F1,เสาอัดแรง,I35,8.50,0,1
30/7/2026,F1,เสาอัดแรง,I35,12.00,1,0
30/7/2026,F1,เสาอัดแรง,I35,14.50,0,1
30/7/2026,F1,เสาอัดแรง,I35,18.00,0,2
30/7/2026,F1,เสาอัดแรง,I35,20.00,0,6
30/7/2026,F1,เสาอัดแรง,I35,10.00,2,0
30/7/2026,F1,เสาอัดแรง,I35,13.00,6,0
30/7/2026,F1,เสาอัดแรง,I35,13.50,10,0
30/7/2026,F1,เสาอัดแรง,I35,16.00,0,3
30/7/2026,F1,เสาอัดแรง,I35,8.00,2,0
30/7/2026,F1,เสาอัดแรง,I35,10.00,4,0
30/7/2026,F1,เสาอัดแรง,I35,12.00,0,2
30/7/2026,F1,เสาอัดแรง,I40,13.00,0,1
30/7/2026,F1,เสาอัดแรง,I40,13.50,0,1
30/7/2026,F1,เสาอัดแรง,I40,14.00,0,1
30/7/2026,F1,เสาอัดแรง,I40,18.00,15,0
30/7/2026,F1,เสาอัดแรง,S16,4.00,3,0
30/7/2026,F1,เสาอัดแรง,S16,5.00,1,0
30/7/2026,F1,เสาอัดแรง,S16,5.80,1,0
30/7/2026,F1,เสาอัดแรง,S16,6.00,1,0
30/7/2026,F1,เสาอัดแรง,S18,12.00,0,1
30/7/2026,F1,เสาอัดแรง,S22,11.00,2,0
30/7/2026,F1,เสาอัดแรง,S22,11.50,1,0
30/7/2026,F1,เสาอัดแรง,S22,12.00,8,0
30/7/2026,F1,เสาอัดแรง,S22,12.00,1,0
30/7/2026,F1,เสาอัดแรง,S26,11.00,8,0
30/7/2026,F1,เสาอัดแรง,S26,14.00,1,0
30/7/2026,F1,เสาอัดแรง,S26,15.00,4,0
30/7/2026,F1,เสาอัดแรง,S26,20.00,7,0
30/7/2026,F1,เสาอัดแรง,S26,20.00,2,0
30/7/2026,F1,เสาอัดแรง,S26,21.00,0,1
30/7/2026,F1,เสาอัดแรง,S30,12.00,1,0
30/7/2026,F1,เสาอัดแรง,S30,12.00,6,0
30/7/2026,F1,เสาอัดแรง,S30,12.00,1,0
30/7/2026,F1,เสาอัดแรง,S30,13.00,2,0
30/7/2026,F1,เสาอัดแรง,S30,14.00,4,0
30/7/2026,F1,เสาอัดแรง,S30,18.00,0,1
30/7/2026,F1,เสาอัดแรง,S30,18.50,0,1
30/7/2026,F1,เสาอัดแรง,S30,19.00,0,1
30/7/2026,F1,เสาอัดแรง,S35,10.00,1,0
30/7/2026,F1,เสาอัดแรง,S35,13.00,1,0
30/7/2026,F1,เสาอัดแรง,S35,18.00,0,1
30/7/2026,F1,เสาอัดแรง,S35,18.50,0,4
30/7/2026,F1,เสาอัดแรง,S35,23.00,0,2
30/7/2026,F1,เสาอัดแรง,S35,24.00,0,1
30/7/2026,F1,เสาอัดแรง,S40,9.00,2,0
30/7/2026,F1,เสาอัดแรง,S40,10.00,1,0
30/7/2026,F1,เสาอัดแรง,S40,10.00,12,0
30/7/2026,F1,เสาอัดแรง,S40,14.00,2,0
30/7/2026,F1,เสาอัดแรง,S40,16.00,0,1
30/7/2026,F1,เสาอัดแรง,S40,17.00,0,1
30/7/2026,F1,เสาอัดแรง,S40,22.00,0,1
30/7/2026,F1,เสาอัดแรง,S40,22.00,0,2
30/7/2026,F1,เสาอัดแรง,S45,15.00,0,1
30/7/2026,F1,เสาอัดแรง,S45,17.00,0,42
30/7/2026,F1,เสาอัดแรง,S45,21.00,3,0
31/7/2026,F3,เสาอัดแรง,S26,8.00,0,1
31/7/2026,F3,เสาอัดแรง,S26,12.00,0,1
31/7/2026,F3,เสาอัดแรง,S26,13.00,1,0
31/7/2026,F3,เสาอัดแรง,S30,11.00,0,1
31/7/2026,F3,เสาอัดแรง,S30,12.00,0,3
31/7/2026,F3,เสาอัดแรง,S30,14.00,1,0
31/7/2026,F3,เสาอัดแรง,S35,9.00,2,0
31/7/2026,F3,เสาอัดแรง,S35,10.00,0,1
31/7/2026,F3,เสาอัดแรง,S35,10.00,3,0
31/7/2026,F3,เสาอัดแรง,S40,12.00,4,0
31/7/2026,F3,เสาอัดแรง,S40,12.00,3,0
1/7/2026,F1,เสาอัดแรง,I22,10.00,3,0
1/7/2026,F1,เสาอัดแรง,I22,11.00,0,8
1/7/2026,F1,เสาอัดแรง,I22,7.00,0,4
1/7/2026,F1,เสาอัดแรง,I22,8.00,4,0
1/7/2026,F1,เสาอัดแรง,I22,9.00,8,0
1/7/2026,F1,เสาอัดแรง,I26,10.00,17,0
1/7/2026,F1,เสาอัดแรง,I26,10.50,18,0
1/7/2026,F1,เสาอัดแรง,I35,12.00,48,0
1/7/2026,F1,เสาอัดแรง,N26,14.00,0,8
1/7/2026,F1,เสาอัดแรง,S26,12.00,3,0
1/7/2026,F1,เสาแรงเหวี่ยง,Ø30,13.00,235,0
1/7/2026,F1,เสาแรงเหวี่ยง,Ø30,8.00,99,0
1/7/2026,F1,เสาแรงเหวี่ยง,Ø35,11.00,92,0
1/7/2026,F1,เสาแรงเหวี่ยง,Ø35,12.00,92,0
1/7/2026,F1,เสาแรงเหวี่ยง,Ø35,13.00,173,0
1/7/2026,F1,เสาแรงเหวี่ยง,Ø35,14.00,97,0
1/7/2026,F1,เสาแรงเหวี่ยง,Ø40,11.00,115,0
1/7/2026,F1,เสาแรงเหวี่ยง,Ø40,12.00,174,0
1/7/2026,F1,เสาแรงเหวี่ยง,Ø40,8.00,78,0
1/7/2026,F1,เสาแรงเหวี่ยง,Ø60,11.00,32,0
1/7/2026,F1,เสาแรงเหวี่ยง,Ø60,13.00,120,0
1/7/2026,F1,เสาแรงเหวี่ยง,Ø60,15.00,68,0
1/7/2026,F3,เสาอัดแรง,S26,12.00,1,0
1/7/2026,F3,เสาอัดแรง,S26,8.00,1,0
1/7/2026,F3,เสาอัดแรง,S30,11.00,1,0
1/7/2026,F3,เสาอัดแรง,S30,12.00,3,0
1/7/2026,F3,เสาอัดแรง,S30,4.50,9,0
1/7/2026,F3,เสาอัดแรง,S30,5.00,4,0
1/7/2026,F3,เสาอัดแรง,S30,9.00,2,0
1/7/2026,F3,เสาอัดแรง,S35,10.00,0,3
1/7/2026,F3,เสาอัดแรง,S35,10.00,1,0
1/7/2026,F3,เสาอัดแรง,S35,10.00,1,0
1/7/2026,F3,เสาอัดแรง,S35,11.00,3,0
1/7/2026,F3,เสาอัดแรง,S35,9.00,0,2
1/7/2026,F3,เสาอัดแรง,S40,11.00,2,0
1/7/2026,F3,เสาอัดแรง,S40,12.00,4,0
1/7/2026,F3,เสาอัดแรง,S40,12.00,9,0
1/7/2026,F3,เสาอัดแรง,S40,8.00,1,0
1/7/2026,F3,เสาอัดแรง,S45,10.00,2,0
1/7/2026,F3,เสาอัดแรง,S45,10.50,1,0
1/7/2026,F3,เสาอัดแรง,I40,10.50,1,0
1/7/2026,F3,เสาอัดแรง,I40,11.00,2,0
12/8/2026,F2,เสาแรงเหวี่ยง,⌀350,9.0,32,
12/8/2026,F2,เสาแรงเหวี่ยง,⌀400,7.0,57,
12/8/2026,F2,เสาแรงเหวี่ยง,⌀400,7.0,61,
12/8/2026,F2,เสาแรงเหวี่ยง,⌀400,7.0,2,
12/8/2026,F2,เสาแรงเหวี่ยง,⌀400,7.0,1,
12/8/2026,F2,เสาแรงเหวี่ยง,⌀400,8.0,2,
12/8/2026,F2,เสาแรงเหวี่ยง,⌀400,8.0,1,
12/8/2026,F2,เสาแรงเหวี่ยง,⌀600,9.0,8,
12/8/2026,F2,เสาแรงเหวี่ยง,⌀600,11.0,38,
12/8/2026,F2,เสาแรงเหวี่ยง,⌀600,14.0,7,
12/8/2026,F2,เสาแรงเหวี่ยง,⌀600,15.0,34,
12/8/2026,F2,เสาแรงเหวี่ยง,⌀600,15.0,1,
12/8/2026,F2,เสาแรงเหวี่ยง,⌀700,9.0,1,
12/8/2026,F2,เสาแรงเหวี่ยง,⌀700,12.0,58,
12/8/2026,F2,เสาแรงเหวี่ยง,⌀800,12.0,42,
12/8/2026,F2,เสาแรงเหวี่ยง,⌀800,13.0,19,
12/8/2026,F2,เสาอัดแรง,I22,9.0,1,
12/8/2026,F2,เสาอัดแรง,I22,10.0,4,
12/8/2026,F2,เสาอัดแรง,I22,10.0,4,
12/8/2026,F2,เสาอัดแรง,I22,11.0,1,
12/8/2026,F2,เสาอัดแรง,I22,12.0,6,
12/8/2026,F2,เสาอัดแรง,I22,12.0,2,
12/8/2026,F2,เสาอัดแรง,I22,13.0,19,
12/8/2026,F2,เสาอัดแรง,I22,14.0,4,
12/8/2026,F2,เสาอัดแรง,I35,11.5,2,
12/8/2026,F2,เสาอัดแรง,I40,7.0,2,
12/8/2026,F2,เสาอัดแรง,I40,8.0,10,
12/8/2026,F2,เสาอัดแรง,I40,9.0,18,
12/8/2026,F2,เสาอัดแรง,I40,9.0,25,
12/8/2026,F2,เสาอัดแรง,I40,12.5,4,
12/8/2026,F2,เสาอัดแรง,S35,10.5,16,
12/8/2026,F2,เสาแรงเหวี่ยง,⌀250,9.0,,14
12/8/2026,F2,เสาแรงเหวี่ยง,⌀250,15.0,14,
12/8/2026,F2,เสาแรงเหวี่ยง,⌀300,8.0,54,
12/8/2026,F2,เสาแรงเหวี่ยง,⌀300,9.0,83,
12/8/2026,F2,เสาแรงเหวี่ยง,⌀300,11.0,122,
12/8/2026,F2,เสาแรงเหวี่ยง,⌀300,12.0,122,
12/8/2026,F2,เสาแรงเหวี่ยง,⌀350,11.0,104,
12/8/2026,F2,เสาแรงเหวี่ยง,⌀350,13.0,,59
12/8/2026,F2,เสาแรงเหวี่ยง,⌀400,9.0,,12
12/8/2026,F2,เสาแรงเหวี่ยง,⌀400,15.0,,27
12/8/2026,F2,เสาแรงเหวี่ยง,⌀600,8.0,3,
12/8/2026,F2,เสาแรงเหวี่ยง,⌀600,11.0,92,
12/8/2026,F2,เสาแรงเหวี่ยง,⌀600,12.0,102,
12/8/2026,F2,เสาแรงเหวี่ยง,⌀600,13.0,,5
12/8/2026,F2,เสาแรงเหวี่ยง,⌀600,17.0,21,
12/8/2026,F2,เสาอัดแรง,I22,10.5,20,
12/8/2026,F2,เสาอัดแรง,I22,13.0,18,
12/8/2026,F2,เสาอัดแรง,I30,10.0,5,
12/8/2026,F2,เสาอัดแรง,I40,11.5,27,
